KGP_sample_id	karyotype	superpopulation	population	unrelated
HG00096	XY	EUR	GBR	true
HG00097	XX	EUR	GBR	true
HG00099	XX	EUR	GBR	true
HG00100	XX	EUR	GBR	true
HG00101	XY	EUR	GBR	true
HG00102	XX	EUR	GBR	true
HG00103	XY	EUR	GBR	true
HG00105	XY	EUR	GBR	true
HG00106	XX	EUR	GBR	true
HG00107	XY	EUR	GBR	true
HG00108	XY	EUR	GBR	true
HG00109	XY	EUR	GBR	true
HG00110	XX	EUR	GBR	true
HG00111	XX	EUR	GBR	true
HG00112	XY	EUR	GBR	true
HG00113	XY	EUR	GBR	true
HG00114	XY	EUR	GBR	true
HG00115	XY	EUR	GBR	true
HG00116	XY	EUR	GBR	true
HG00117	XY	EUR	GBR	true
HG00118	XX	EUR	GBR	true
HG00119	XY	EUR	GBR	true
HG00120	XX	EUR	GBR	true
HG00121	XX	EUR	GBR	true
HG00122	XX	EUR	GBR	true
HG00123	XX	EUR	GBR	true
HG00125	XX	EUR	GBR	true
HG00126	XY	EUR	GBR	true
HG00127	XX	EUR	GBR	true
HG00128	XX	EUR	GBR	true
HG00129	XY	EUR	GBR	true
HG00130	XX	EUR	GBR	true
HG00131	XY	EUR	GBR	true
HG00132	XX	EUR	GBR	true
HG00133	XX	EUR	GBR	true
HG00136	XY	EUR	GBR	true
HG00137	XX	EUR	GBR	true
HG00138	XY	EUR	GBR	true
HG00139	XY	EUR	GBR	true
HG00140	XY	EUR	GBR	true
HG00141	XY	EUR	GBR	true
HG00142	XY	EUR	GBR	true
HG00143	XY	EUR	GBR	true
HG00145	XY	EUR	GBR	true
HG00146	XX	EUR	GBR	true
HG00148	XY	EUR	GBR	true
HG00149	XY	EUR	GBR	true
HG00150	XX	EUR	GBR	true
HG00151	XY	EUR	GBR	true
HG00154	XX	EUR	GBR	true
HG00155	XY	EUR	GBR	true
HG00157	XY	EUR	GBR	true
HG00158	XX	EUR	GBR	true
HG00159	XY	EUR	GBR	true
HG00160	XY	EUR	GBR	true
HG00171	XX	EUR	FIN	true
HG00173	XX	EUR	FIN	true
HG00174	XX	EUR	FIN	true
HG00176	XX	EUR	FIN	true
HG00177	XX	EUR	FIN	true
HG00178	XX	EUR	FIN	true
HG00179	XX	EUR	FIN	true
HG00180	XX	EUR	FIN	true
HG00181	XY	EUR	FIN	true
HG00182	XY	EUR	FIN	true
HG00183	XY	EUR	FIN	true
HG00185	XY	EUR	FIN	true
HG00186	XY	EUR	FIN	true
HG00187	XY	EUR	FIN	true
HG00188	XY	EUR	FIN	true
HG00189	XY	EUR	FIN	true
HG00190	XY	EUR	FIN	true
HG00231	XX	EUR	GBR	true
HG00232	XX	EUR	GBR	true
HG00233	XX	EUR	GBR	true
HG00234	XY	EUR	GBR	true
HG00235	XX	EUR	GBR	true
HG00236	XX	EUR	GBR	true
HG00237	XX	EUR	GBR	true
HG00238	XX	EUR	GBR	true
HG00239	XX	EUR	GBR	true
HG00240	XX	EUR	GBR	true
HG00242	XY	EUR	GBR	true
HG00243	XY	EUR	GBR	true
HG00244	XY	EUR	GBR	true
HG00245	XX	EUR	GBR	true
HG00246	XY	EUR	GBR	true
HG00250	XX	EUR	GBR	true
HG00251	XY	EUR	GBR	true
HG00252	XY	EUR	GBR	true
HG00253	XX	EUR	GBR	true
HG00254	XX	EUR	GBR	true
HG00255	XX	EUR	GBR	true
HG00256	XY	EUR	GBR	true
HG00257	XX	EUR	GBR	true
HG00258	XX	EUR	GBR	true
HG00259	XX	EUR	GBR	true
HG00260	XY	EUR	GBR	true
HG00261	XX	EUR	GBR	true
HG00262	XX	EUR	GBR	true
HG00263	XX	EUR	GBR	true
HG00264	XY	EUR	GBR	true
HG00265	XY	EUR	GBR	true
HG00266	XX	EUR	FIN	true
HG00267	XY	EUR	FIN	true
HG00268	XX	EUR	FIN	true
HG00269	XX	EUR	FIN	true
HG00271	XY	EUR	FIN	true
HG00272	XX	EUR	FIN	true
HG00273	XY	EUR	FIN	true
HG00274	XX	EUR	FIN	true
HG00275	XX	EUR	FIN	true
HG00276	XX	EUR	FIN	true
HG00277	XY	EUR	FIN	true
HG00278	XY	EUR	FIN	true
HG00280	XY	EUR	FIN	true
HG00281	XX	EUR	FIN	true
HG00282	XX	EUR	FIN	true
HG00284	XY	EUR	FIN	true
HG00285	XX	EUR	FIN	true
HG00288	XX	EUR	FIN	true
HG00290	XY	EUR	FIN	true
HG00304	XX	EUR	FIN	true
HG00306	XX	EUR	FIN	true
HG00308	XY	EUR	FIN	true
HG00309	XX	EUR	FIN	true
HG00310	XY	EUR	FIN	true
HG00311	XY	EUR	FIN	true
HG00313	XX	EUR	FIN	true
HG00315	XX	EUR	FIN	true
HG00318	XX	EUR	FIN	true
HG00319	XX	EUR	FIN	true
HG00320	XX	EUR	FIN	true
HG00321	XY	EUR	FIN	true
HG00323	XX	EUR	FIN	true
HG00324	XX	EUR	FIN	true
HG00325	XY	EUR	FIN	true
HG00326	XX	EUR	FIN	true
HG00327	XX	EUR	FIN	true
HG00328	XX	EUR	FIN	true
HG00329	XY	EUR	FIN	true
HG00330	XX	EUR	FIN	true
HG00331	XX	EUR	FIN	true
HG00332	XX	EUR	FIN	true
HG00334	XX	EUR	FIN	true
HG00335	XY	EUR	FIN	true
HG00336	XY	EUR	FIN	true
HG00337	XX	EUR	FIN	true
HG00338	XY	EUR	FIN	true
HG00339	XX	EUR	FIN	true
HG00341	XY	EUR	FIN	true
HG00342	XY	EUR	FIN	true
HG00343	XX	EUR	FIN	true
HG00344	XX	EUR	FIN	true
HG00345	XY	EUR	FIN	true
HG00346	XX	EUR	FIN	true
HG00349	XX	EUR	FIN	true
HG00350	XX	EUR	FIN	true
HG00351	XY	EUR	FIN	true
HG00353	XX	EUR	FIN	true
HG00355	XX	EUR	FIN	true
HG00356	XX	EUR	FIN	true
HG00357	XX	EUR	FIN	true
HG00358	XY	EUR	FIN	true
HG00360	XY	EUR	FIN	true
HG00361	XX	EUR	FIN	true
HG00362	XX	EUR	FIN	true
HG00364	XX	EUR	FIN	true
HG00365	XX	EUR	FIN	true
HG00366	XY	EUR	FIN	true
HG00367	XX	EUR	FIN	true
HG00368	XX	EUR	FIN	true
HG00369	XY	EUR	FIN	true
HG00371	XY	EUR	FIN	true
HG00372	XY	EUR	FIN	true
HG00373	XX	EUR	FIN	true
HG00375	XY	EUR	FIN	true
HG00376	XX	EUR	FIN	true
HG00378	XX	EUR	FIN	true
HG00379	XX	EUR	FIN	true
HG00380	XX	EUR	FIN	true
HG00381	XX	EUR	FIN	true
HG00382	XY	EUR	FIN	true
HG00383	XX	EUR	FIN	true
HG00384	XX	EUR	FIN	true
HG00403	XY	EAS	CHS	true
HG00404	XX	EAS	CHS	true
HG00405	XX	EAS	CHS	false
HG00406	XY	EAS	CHS	true
HG00407	XX	EAS	CHS	true
HG00408	XX	EAS	CHS	false
HG00409	XY	EAS	CHS	true
HG00410	XX	EAS	CHS	true
HG00418	XY	EAS	CHS	false
HG00419	XX	EAS	CHS	true
HG00420	XY	EAS	CHS	false
HG00421	XY	EAS	CHS	true
HG00422	XX	EAS	CHS	true
HG00423	XX	EAS	CHS	false
HG00427	XY	EAS	CHS	false
HG00428	XX	EAS	CHS	true
HG00429	XY	EAS	CHS	false
HG00436	XY	EAS	CHS	true
HG00437	XX	EAS	CHS	true
HG00438	XX	EAS	CHS	false
HG00442	XY	EAS	CHS	true
HG00443	XX	EAS	CHS	true
HG00444	XY	EAS	CHS	false
HG00445	XY	EAS	CHS	true
HG00446	XX	EAS	CHS	true
HG00447	XX	EAS	CHS	false
HG00448	XY	EAS	CHS	true
HG00449	XX	EAS	CHS	true
HG00450	XX	EAS	CHS	false
HG00451	XY	EAS	CHS	true
HG00452	XX	EAS	CHS	true
HG00453	XX	EAS	CHS	false
HG00457	XY	EAS	CHS	true
HG00458	XX	EAS	CHS	true
HG00459	XY	EAS	CHS	false
HG00463	XY	EAS	CHS	true
HG00464	XX	EAS	CHS	true
HG00465	XY	EAS	CHS	false
HG00472	XY	EAS	CHS	true
HG00473	XX	EAS	CHS	true
HG00474	XY	EAS	CHS	false
HG00475	XY	EAS	CHS	true
HG00476	XX	EAS	CHS	true
HG00477	XY	EAS	CHS	false
HG00478	XY	EAS	CHS	true
HG00479	XX	EAS	CHS	true
HG00480	XY	EAS	CHS	false
HG00500	XY	EAS	CHS	true
HG00501	XX	EAS	CHS	false
HG00502	XY	EAS	CHS	false
HG00512	XY	EAS	CHS	false
HG00513	XX	EAS	CHS	true
HG00514	XX	EAS	CHS	false
HG00524	XY	EAS	CHS	true
HG00525	XX	EAS	CHS	true
HG00526	XY	EAS	CHS	false
HG00530	XY	EAS	CHS	true
HG00531	XX	EAS	CHS	true
HG00532	XY	EAS	CHS	false
HG00533	XY	EAS	CHS	true
HG00534	XX	EAS	CHS	true
HG00535	XY	EAS	CHS	false
HG00536	XY	EAS	CHS	true
HG00537	XX	EAS	CHS	true
HG00538	XY	EAS	CHS	false
HG00542	XY	EAS	CHS	true
HG00543	XX	EAS	CHS	true
HG00544	XX	EAS	CHS	false
HG00551	XX	AMR	PUR	true
HG00552	XY	AMR	PUR	false
HG00553	XY	AMR	PUR	true
HG00554	XX	AMR	PUR	true
HG00555	XX	AMR	PUR	false
HG00556	XY	EAS	CHS	true
HG00557	XX	EAS	CHS	true
HG00558	XX	EAS	CHS	false
HG00559	XY	EAS	CHS	true
HG00560	XX	EAS	CHS	true
HG00561	XX	EAS	CHS	false
HG00565	XY	EAS	CHS	true
HG00566	XX	EAS	CHS	true
HG00567	XY	EAS	CHS	false
HG00577	XY	EAS	CHS	false
HG00578	XX	EAS	CHS	false
HG00579	XX	EAS	CHS	false
HG00580	XY	EAS	CHS	true
HG00581	XX	EAS	CHS	true
HG00582	XX	EAS	CHS	false
HG00583	XY	EAS	CHS	true
HG00584	XX	EAS	CHS	true
HG00585	XX	EAS	CHS	false
HG00589	XY	EAS	CHS	true
HG00590	XX	EAS	CHS	true
HG00591	XY	EAS	CHS	false
HG00592	XY	EAS	CHS	true
HG00593	XX	EAS	CHS	true
HG00594	XY	EAS	CHS	false
HG00595	XY	EAS	CHS	true
HG00596	XX	EAS	CHS	true
HG00597	XX	EAS	CHS	false
HG00598	XY	EAS	CHS	true
HG00599	XX	EAS	CHS	true
HG00607	XY	EAS	CHS	true
HG00608	XX	EAS	CHS	true
HG00609	XY	EAS	CHS	false
HG00610	XY	EAS	CHS	true
HG00611	XX	EAS	CHS	true
HG00612	XX	EAS	CHS	false
HG00613	XY	EAS	CHS	true
HG00614	XX	EAS	CHS	true
HG00615	XX	EAS	CHS	false
HG00619	XY	EAS	CHS	true
HG00620	XX	EAS	CHS	true
HG00621	XY	EAS	CHS	false
HG00622	XY	EAS	CHS	true
HG00623	XX	EAS	CHS	true
HG00625	XY	EAS	CHS	true
HG00626	XX	EAS	CHS	true
HG00627	XY	EAS	CHS	false
HG00628	XY	EAS	CHS	true
HG00629	XX	EAS	CHS	true
HG00630	XY	EAS	CHS	false
HG00631	XY	EAS	CHS	true
HG00632	XX	EAS	CHS	true
HG00634	XY	EAS	CHS	true
HG00635	XX	EAS	CHS	false
HG00636	XY	EAS	CHS	false
HG00637	XY	AMR	PUR	true
HG00638	XX	AMR	PUR	true
HG00639	XX	AMR	PUR	false
HG00640	XY	AMR	PUR	true
HG00641	XX	AMR	PUR	true
HG00642	XY	AMR	PUR	false
HG00650	XY	EAS	CHS	true
HG00651	XX	EAS	CHS	true
HG00652	XX	EAS	CHS	false
HG00653	XY	EAS	CHS	true
HG00654	XX	EAS	CHS	true
HG00655	XX	EAS	CHS	false
HG00656	XY	EAS	CHS	true
HG00657	XX	EAS	CHS	true
HG00658	XY	EAS	CHS	false
HG00662	XY	EAS	CHS	true
HG00663	XX	EAS	CHS	true
HG00664	XY	EAS	CHS	false
HG00671	XY	EAS	CHS	true
HG00672	XX	EAS	CHS	true
HG00673	XY	EAS	CHS	false
HG00674	XY	EAS	CHS	true
HG00675	XX	EAS	CHS	true
HG00683	XY	EAS	CHS	true
HG00684	XX	EAS	CHS	true
HG00685	XY	EAS	CHS	false
HG00689	XY	EAS	CHS	true
HG00690	XX	EAS	CHS	true
HG00691	XY	EAS	CHS	false
HG00692	XY	EAS	CHS	true
HG00693	XX	EAS	CHS	true
HG00694	XY	EAS	CHS	false
HG00698	XY	EAS	CHS	true
HG00699	XX	EAS	CHS	true
HG00700	XX	EAS	CHS	false
HG00701	XY	EAS	CHS	true
HG00702	XX	EAS	CHS	false
HG00703	XY	EAS	CHS	false
HG00704	XY	EAS	CHS	true
HG00705	XX	EAS	CHS	true
HG00706	XY	EAS	CHS	false
HG00707	XY	EAS	CHS	true
HG00708	XX	EAS	CHS	true
HG00709	XY	EAS	CHS	false
HG00717	XX	EAS	CHS	true
HG00728	XY	EAS	CHS	true
HG00729	XX	EAS	CHS	true
HG00731	XY	AMR	PUR	true
HG00732	XX	AMR	PUR	true
HG00733	XX	AMR	PUR	false
HG00734	XX	AMR	PUR	true
HG00735	XX	AMR	PUR	false
HG00736	XY	AMR	PUR	true
HG00737	XX	AMR	PUR	true
HG00738	XY	AMR	PUR	false
HG00739	XY	AMR	PUR	true
HG00740	XX	AMR	PUR	true
HG00741	XX	AMR	PUR	false
HG00742	XY	AMR	PUR	true
HG00743	XX	AMR	PUR	true
HG00759	XX	EAS	CDX	true
HG00766	XX	EAS	CDX	true
HG00844	XY	EAS	CDX	true
HG00851	XX	EAS	CDX	true
HG00864	XX	EAS	CDX	true
HG00867	XX	EAS	CDX	true
HG00879	XX	EAS	CDX	true
HG00881	XY	EAS	CDX	true
HG00956	XX	EAS	CDX	true
HG00978	XX	EAS	CDX	true
HG00982	XY	EAS	CDX	true
HG01028	XY	EAS	CDX	true
HG01029	XX	EAS	CDX	true
HG01031	XY	EAS	CDX	true
HG01046	XX	EAS	CDX	true
HG01047	XY	AMR	PUR	true
HG01048	XY	AMR	PUR	true
HG01049	XX	AMR	PUR	true
HG01050	XX	AMR	PUR	false
HG01051	XY	AMR	PUR	true
HG01052	XX	AMR	PUR	true
HG01053	XX	AMR	PUR	false
HG01054	XY	AMR	PUR	true
HG01055	XX	AMR	PUR	true
HG01056	XY	AMR	PUR	false
HG01058	XX	AMR	PUR	true
HG01060	XY	AMR	PUR	true
HG01061	XX	AMR	PUR	true
HG01062	XX	AMR	PUR	false
HG01063	XY	AMR	PUR	true
HG01064	XX	AMR	PUR	true
HG01066	XY	AMR	PUR	true
HG01067	XX	AMR	PUR	true
HG01068	XX	AMR	PUR	false
HG01069	XY	AMR	PUR	true
HG01070	XX	AMR	PUR	true
HG01071	XX	AMR	PUR	false
HG01072	XY	AMR	PUR	true
HG01073	XX	AMR	PUR	true
HG01074	XY	AMR	PUR	false
HG01075	XY	AMR	PUR	true
HG01077	XX	AMR	PUR	true
HG01079	XY	AMR	PUR	true
HG01080	XX	AMR	PUR	true
HG01081	XX	AMR	PUR	false
HG01082	XY	AMR	PUR	true
HG01083	XX	AMR	PUR	true
HG01084	XX	AMR	PUR	false
HG01085	XY	AMR	PUR	true
HG01086	XX	AMR	PUR	true
HG01087	XX	AMR	PUR	false
HG01088	XY	AMR	PUR	true
HG01089	XX	AMR	PUR	true
HG01092	XX	AMR	PUR	true
HG01094	XY	AMR	PUR	true
HG01095	XX	AMR	PUR	true
HG01096	XY	AMR	PUR	false
HG01097	XY	AMR	PUR	true
HG01098	XX	AMR	PUR	true
HG01099	XY	AMR	PUR	false
HG01100	XX	AMR	PUR	false
HG01101	XY	AMR	PUR	true
HG01102	XX	AMR	PUR	true
HG01103	XX	AMR	PUR	false
HG01104	XY	AMR	PUR	true
HG01105	XX	AMR	PUR	true
HG01106	XY	AMR	PUR	false
HG01107	XY	AMR	PUR	true
HG01108	XX	AMR	PUR	true
HG01109	XY	AMR	PUR	false
HG01110	XY	AMR	PUR	true
HG01111	XX	AMR	PUR	true
HG01112	XY	AMR	CLM	true
HG01113	XX	AMR	CLM	true
HG01114	XX	AMR	CLM	false
HG01119	XX	AMR	CLM	true
HG01121	XY	AMR	CLM	true
HG01122	XX	AMR	CLM	true
HG01124	XY	AMR	CLM	true
HG01125	XX	AMR	CLM	true
HG01126	XY	AMR	CLM	false
HG01130	XY	AMR	CLM	true
HG01131	XX	AMR	CLM	true
HG01133	XY	AMR	CLM	true
HG01134	XX	AMR	CLM	true
HG01135	XY	AMR	CLM	false
HG01136	XY	AMR	CLM	true
HG01137	XX	AMR	CLM	true
HG01138	XY	AMR	CLM	false
HG01139	XY	AMR	CLM	true
HG01140	XX	AMR	CLM	true
HG01141	XX	AMR	CLM	false
HG01142	XY	AMR	CLM	true
HG01148	XY	AMR	CLM	true
HG01149	XX	AMR	CLM	true
HG01150	XX	AMR	CLM	false
HG01161	XY	AMR	PUR	true
HG01162	XX	AMR	PUR	true
HG01164	XY	AMR	PUR	true
HG01167	XY	AMR	PUR	true
HG01168	XX	AMR	PUR	true
HG01169	XX	AMR	PUR	false
HG01170	XY	AMR	PUR	true
HG01171	XX	AMR	PUR	true
HG01172	XY	AMR	PUR	false
HG01173	XY	AMR	PUR	true
HG01174	XX	AMR	PUR	true
HG01175	XX	AMR	PUR	false
HG01176	XY	AMR	PUR	true
HG01177	XX	AMR	PUR	true
HG01178	XY	AMR	PUR	false
HG01182	XY	AMR	PUR	true
HG01183	XX	AMR	PUR	true
HG01184	XX	AMR	PUR	false
HG01187	XY	AMR	PUR	true
HG01188	XX	AMR	PUR	true
HG01189	XY	AMR	PUR	false
HG01190	XY	AMR	PUR	true
HG01191	XX	AMR	PUR	true
HG01192	XY	AMR	PUR	false
HG01197	XY	AMR	PUR	true
HG01198	XX	AMR	PUR	true
HG01199	XY	AMR	PUR	false
HG01200	XY	AMR	PUR	true
HG01204	XY	AMR	PUR	true
HG01205	XX	AMR	PUR	true
HG01206	XY	AMR	PUR	false
HG01241	XY	AMR	PUR	true
HG01242	XX	AMR	PUR	true
HG01243	XY	AMR	PUR	false
HG01247	XY	AMR	PUR	true
HG01248	XX	AMR	PUR	true
HG01249	XX	AMR	PUR	false
HG01250	XY	AMR	CLM	true
HG01251	XX	AMR	CLM	true
HG01252	XY	AMR	CLM	false
HG01253	XY	AMR	CLM	true
HG01254	XX	AMR	CLM	true
HG01255	XY	AMR	CLM	false
HG01256	XY	AMR	CLM	true
HG01257	XX	AMR	CLM	true
HG01258	XY	AMR	CLM	false
HG01259	XY	AMR	CLM	true
HG01260	XX	AMR	CLM	true
HG01261	XY	AMR	CLM	false
HG01269	XX	AMR	CLM	true
HG01271	XY	AMR	CLM	true
HG01272	XX	AMR	CLM	true
HG01273	XY	AMR	CLM	false
HG01274	XY	AMR	CLM	false
HG01275	XX	AMR	CLM	true
HG01276	XX	AMR	CLM	false
HG01277	XY	AMR	CLM	true
HG01278	XX	AMR	CLM	false
HG01279	XX	AMR	CLM	false
HG01280	XY	AMR	CLM	true
HG01281	XX	AMR	CLM	true
HG01284	XX	AMR	CLM	true
HG01286	XY	AMR	PUR	true
HG01302	XY	AMR	PUR	true
HG01303	XX	AMR	PUR	true
HG01305	XY	AMR	PUR	true
HG01308	XY	AMR	PUR	true
HG01311	XY	AMR	PUR	true
HG01312	XX	AMR	PUR	true
HG01323	XX	AMR	PUR	true
HG01325	XY	AMR	PUR	true
HG01326	XX	AMR	PUR	true
HG01334	XY	EUR	GBR	true
HG01341	XY	AMR	CLM	true
HG01342	XX	AMR	CLM	true
HG01343	XX	AMR	CLM	false
HG01344	XY	AMR	CLM	true
HG01345	XX	AMR	CLM	true
HG01346	XX	AMR	CLM	false
HG01347	XY	AMR	CLM	false
HG01348	XX	AMR	CLM	true
HG01349	XX	AMR	CLM	false
HG01350	XY	AMR	CLM	true
HG01351	XX	AMR	CLM	true
HG01352	XX	AMR	CLM	false
HG01353	XY	AMR	CLM	true
HG01354	XX	AMR	CLM	true
HG01355	XX	AMR	CLM	false
HG01356	XY	AMR	CLM	true
HG01357	XX	AMR	CLM	true
HG01358	XY	AMR	CLM	false
HG01359	XY	AMR	CLM	true
HG01360	XX	AMR	CLM	true
HG01361	XX	AMR	CLM	false
HG01362	XY	AMR	CLM	true
HG01363	XX	AMR	CLM	true
HG01365	XY	AMR	CLM	true
HG01366	XX	AMR	CLM	true
HG01367	XX	AMR	CLM	false
HG01369	XX	AMR	CLM	true
HG01372	XX	AMR	CLM	true
HG01374	XY	AMR	CLM	true
HG01375	XX	AMR	CLM	true
HG01376	XX	AMR	CLM	false
HG01377	XY	AMR	CLM	true
HG01378	XX	AMR	CLM	true
HG01379	XX	AMR	CLM	false
HG01383	XY	AMR	CLM	true
HG01384	XX	AMR	CLM	true
HG01385	XX	AMR	CLM	false
HG01389	XY	AMR	CLM	true
HG01390	XX	AMR	CLM	true
HG01391	XX	AMR	CLM	false
HG01392	XY	AMR	PUR	true
HG01393	XX	AMR	PUR	true
HG01395	XY	AMR	PUR	true
HG01396	XX	AMR	PUR	true
HG01398	XY	AMR	PUR	true
HG01402	XY	AMR	PUR	true
HG01403	XX	AMR	PUR	true
HG01405	XY	AMR	PUR	true
HG01412	XY	AMR	PUR	true
HG01413	XY	AMR	PUR	true
HG01414	XX	AMR	PUR	true
HG01431	XY	AMR	CLM	true
HG01432	XX	AMR	CLM	true
HG01433	XY	AMR	CLM	false
HG01435	XX	AMR	CLM	true
HG01437	XY	AMR	CLM	true
HG01438	XX	AMR	CLM	true
HG01439	XX	AMR	CLM	false
HG01440	XY	AMR	CLM	true
HG01441	XX	AMR	CLM	true
HG01443	XY	AMR	CLM	true
HG01444	XX	AMR	CLM	true
HG01447	XX	AMR	CLM	true
HG01455	XY	AMR	CLM	true
HG01456	XX	AMR	CLM	true
HG01457	XY	AMR	CLM	false
HG01459	XX	AMR	CLM	true
HG01461	XY	AMR	CLM	true
HG01462	XX	AMR	CLM	true
HG01463	XX	AMR	CLM	false
HG01464	XY	AMR	CLM	true
HG01465	XX	AMR	CLM	true
HG01466	XX	AMR	CLM	false
HG01468	XX	AMR	CLM	true
HG01474	XX	AMR	CLM	true
HG01479	XY	AMR	CLM	true
HG01485	XY	AMR	CLM	true
HG01486	XX	AMR	CLM	true
HG01488	XY	AMR	CLM	true
HG01489	XX	AMR	CLM	true
HG01490	XX	AMR	CLM	false
HG01491	XY	AMR	CLM	true
HG01492	XX	AMR	CLM	true
HG01493	XX	AMR	CLM	false
HG01494	XY	AMR	CLM	true
HG01495	XX	AMR	CLM	true
HG01496	XX	AMR	CLM	false
HG01497	XY	AMR	CLM	true
HG01498	XX	AMR	CLM	true
HG01499	XY	AMR	CLM	false
HG01500	XY	EUR	IBS	true
HG01501	XX	EUR	IBS	true
HG01502	XY	EUR	IBS	false
HG01503	XY	EUR	IBS	true
HG01504	XX	EUR	IBS	true
HG01505	XY	EUR	IBS	false
HG01506	XY	EUR	IBS	true
HG01507	XX	EUR	IBS	true
HG01508	XY	EUR	IBS	false
HG01509	XY	EUR	IBS	true
HG01510	XX	EUR	IBS	true
HG01511	XX	EUR	IBS	false
HG01512	XY	EUR	IBS	true
HG01513	XX	EUR	IBS	true
HG01514	XX	EUR	IBS	false
HG01515	XY	EUR	IBS	true
HG01516	XX	EUR	IBS	true
HG01517	XX	EUR	IBS	false
HG01518	XY	EUR	IBS	true
HG01519	XX	EUR	IBS	true
HG01520	XX	EUR	IBS	false
HG01521	XY	EUR	IBS	true
HG01522	XX	EUR	IBS	true
HG01523	XY	EUR	IBS	false
HG01524	XY	EUR	IBS	true
HG01525	XX	EUR	IBS	true
HG01526	XY	EUR	IBS	false
HG01527	XY	EUR	IBS	true
HG01528	XX	EUR	IBS	true
HG01529	XY	EUR	IBS	false
HG01530	XY	EUR	IBS	true
HG01531	XX	EUR	IBS	true
HG01532	XY	EUR	IBS	false
HG01536	XY	EUR	IBS	true
HG01537	XX	EUR	IBS	true
HG01538	XX	EUR	IBS	false
HG01550	XY	AMR	CLM	true
HG01551	XX	AMR	CLM	true
HG01552	XY	AMR	CLM	false
HG01556	XY	AMR	CLM	true
HG01565	XY	AMR	PEL	true
HG01566	XX	AMR	PEL	true
HG01567	XX	AMR	PEL	false
HG01571	XY	AMR	PEL	true
HG01572	XX	AMR	PEL	true
HG01573	XX	AMR	PEL	false
HG01577	XY	AMR	PEL	true
HG01578	XX	AMR	PEL	true
HG01579	XY	AMR	PEL	false
HG01583	XY	SAS	PJL	true
HG01586	XY	SAS	PJL	true
HG01589	XY	SAS	PJL	true
HG01593	XX	SAS	PJL	true
HG01595	XX	EAS	KHV	true
HG01596	XY	EAS	KHV	true
HG01597	XX	EAS	KHV	true
HG01598	XX	EAS	KHV	true
HG01599	XX	EAS	KHV	true
HG01600	XX	EAS	KHV	true
HG01601	XY	EUR	IBS	false
HG01602	XX	EUR	IBS	true
HG01603	XY	EUR	IBS	true
HG01604	XX	EUR	IBS	false
HG01605	XX	EUR	IBS	true
HG01606	XY	EUR	IBS	true
HG01607	XX	EUR	IBS	true
HG01608	XY	EUR	IBS	true
HG01609	XY	EUR	IBS	false
HG01610	XY	EUR	IBS	true
HG01611	XY	EUR	IBS	false
HG01612	XX	EUR	IBS	true
HG01613	XX	EUR	IBS	true
HG01614	XX	EUR	IBS	false
HG01615	XY	EUR	IBS	true
HG01616	XX	EUR	IBS	false
HG01617	XY	EUR	IBS	true
HG01618	XX	EUR	IBS	true
HG01619	XY	EUR	IBS	true
HG01620	XX	EUR	IBS	true
HG01621	XY	EUR	IBS	false
HG01622	XX	EUR	IBS	false
HG01623	XX	EUR	IBS	true
HG01624	XY	EUR	IBS	true
HG01625	XY	EUR	IBS	true
HG01626	XX	EUR	IBS	true
HG01627	XY	EUR	IBS	false
HG01628	XX	EUR	IBS	true
HG01629	XY	EUR	IBS	false
HG01630	XY	EUR	IBS	true
HG01631	XY	EUR	IBS	true
HG01632	XX	EUR	IBS	true
HG01633	XY	EUR	IBS	false
HG01667	XY	EUR	IBS	false
HG01668	XX	EUR	IBS	true
HG01669	XY	EUR	IBS	true
HG01670	XX	EUR	IBS	true
HG01671	XY	EUR	IBS	false
HG01672	XY	EUR	IBS	true
HG01673	XX	EUR	IBS	true
HG01674	XY	EUR	IBS	false
HG01675	XY	EUR	IBS	true
HG01676	XX	EUR	IBS	true
HG01677	XX	EUR	IBS	false
HG01678	XY	EUR	IBS	true
HG01679	XX	EUR	IBS	true
HG01680	XY	EUR	IBS	true
HG01681	XX	EUR	IBS	false
HG01682	XY	EUR	IBS	true
HG01683	XY	EUR	IBS	false
HG01684	XX	EUR	IBS	true
HG01685	XX	EUR	IBS	true
HG01686	XY	EUR	IBS	true
HG01687	XX	EUR	IBS	false
HG01694	XY	EUR	IBS	true
HG01695	XX	EUR	IBS	true
HG01696	XY	EUR	IBS	false
HG01697	XX	EUR	IBS	true
HG01698	XY	EUR	IBS	false
HG01699	XY	EUR	IBS	true
HG01700	XY	EUR	IBS	true
HG01701	XY	EUR	IBS	false
HG01702	XX	EUR	IBS	true
HG01703	XY	EUR	IBS	false
HG01704	XX	EUR	IBS	true
HG01705	XY	EUR	IBS	true
HG01706	XX	EUR	IBS	false
HG01707	XX	EUR	IBS	true
HG01708	XY	EUR	IBS	true
HG01709	XY	EUR	IBS	true
HG01710	XX	EUR	IBS	true
HG01711	XX	EUR	IBS	false
HG01746	XX	EUR	IBS	true
HG01747	XY	EUR	IBS	true
HG01748	XY	EUR	IBS	false
HG01755	XX	EUR	IBS	false
HG01756	XY	EUR	IBS	true
HG01757	XX	EUR	IBS	true
HG01761	XY	EUR	IBS	true
HG01762	XX	EUR	IBS	true
HG01763	XX	EUR	IBS	false
HG01765	XY	EUR	IBS	true
HG01766	XX	EUR	IBS	true
HG01767	XY	EUR	IBS	true
HG01768	XX	EUR	IBS	true
HG01770	XX	EUR	IBS	true
HG01771	XY	EUR	IBS	true
HG01772	XX	EUR	IBS	false
HG01773	XX	EUR	IBS	true
HG01774	XY	EUR	IBS	false
HG01775	XY	EUR	IBS	true
HG01776	XX	EUR	IBS	true
HG01777	XY	EUR	IBS	true
HG01778	XY	EUR	IBS	false
HG01779	XX	EUR	IBS	true
HG01780	XY	EUR	IBS	false
HG01781	XY	EUR	IBS	true
HG01782	XX	EUR	IBS	false
HG01783	XY	EUR	IBS	true
HG01784	XX	EUR	IBS	true
HG01785	XY	EUR	IBS	true
HG01786	XX	EUR	IBS	true
HG01789	XY	EUR	GBR	true
HG01790	XX	EUR	GBR	true
HG01791	XY	EUR	GBR	true
HG01794	XX	EAS	CDX	true
HG01795	XX	EAS	CDX	true
HG01796	XX	EAS	CDX	true
HG01797	XX	EAS	CDX	true
HG01798	XX	EAS	CDX	true
HG01799	XX	EAS	CDX	true
HG01800	XX	EAS	CDX	true
HG01801	XX	EAS	CDX	true
HG01802	XX	EAS	CDX	true
HG01804	XX	EAS	CDX	true
HG01805	XX	EAS	CDX	true
HG01806	XX	EAS	CDX	true
HG01807	XX	EAS	CDX	true
HG01808	XX	EAS	CDX	true
HG01809	XX	EAS	CDX	true
HG01810	XY	EAS	CDX	true
HG01811	XY	EAS	CDX	true
HG01812	XX	EAS	CDX	true
HG01813	XX	EAS	CDX	true
HG01815	XX	EAS	CDX	true
HG01816	XY	EAS	CDX	true
HG01817	XX	EAS	CDX	true
HG01840	XY	EAS	KHV	true
HG01841	XX	EAS	KHV	true
HG01842	XY	EAS	KHV	true
HG01843	XX	EAS	KHV	true
HG01844	XY	EAS	KHV	true
HG01845	XX	EAS	KHV	true
HG01846	XY	EAS	KHV	true
HG01847	XX	EAS	KHV	true
HG01848	XX	EAS	KHV	true
HG01849	XY	EAS	KHV	true
HG01850	XX	EAS	KHV	true
HG01851	XX	EAS	KHV	true
HG01852	XY	EAS	KHV	true
HG01853	XX	EAS	KHV	true
HG01855	XX	EAS	KHV	true
HG01857	XX	EAS	KHV	true
HG01858	XX	EAS	KHV	true
HG01859	XX	EAS	KHV	true
HG01860	XY	EAS	KHV	true
HG01861	XY	EAS	KHV	true
HG01862	XX	EAS	KHV	true
HG01863	XX	EAS	KHV	true
HG01864	XY	EAS	KHV	true
HG01865	XY	EAS	KHV	true
HG01866	XY	EAS	KHV	true
HG01867	XY	EAS	KHV	true
HG01868	XX	EAS	KHV	true
HG01869	XX	EAS	KHV	true
HG01870	XX	EAS	KHV	true
HG01871	XX	EAS	KHV	true
HG01872	XY	EAS	KHV	true
HG01873	XY	EAS	KHV	true
HG01874	XX	EAS	KHV	true
HG01878	XX	EAS	KHV	true
HG01879	XY	AFR	ACB	true
HG01880	XX	AFR	ACB	true
HG01881	XX	AFR	ACB	false
HG01882	XY	AFR	ACB	true
HG01883	XX	AFR	ACB	true
HG01884	XX	AFR	ACB	false
HG01885	XY	AFR	ACB	true
HG01886	XX	AFR	ACB	true
HG01887	XY	AFR	ACB	false
HG01888	XY	AFR	ACB	false
HG01889	XX	AFR	ACB	true
HG01890	XY	AFR	ACB	true
HG01891	XX	AFR	ACB	false
HG01892	XY	AMR	PEL	true
HG01893	XX	AMR	PEL	true
HG01894	XX	AFR	ACB	true
HG01895	XY	AFR	ACB	false
HG01896	XX	AFR	ACB	true
HG01897	XY	AFR	ACB	false
HG01898	XX	AMR	PEL	false
HG01912	XY	AFR	ACB	true
HG01914	XY	AFR	ACB	true
HG01915	XX	AFR	ACB	true
HG01916	XX	AFR	ACB	false
HG01917	XY	AMR	PEL	true
HG01918	XX	AMR	PEL	true
HG01919	XX	AMR	PEL	false
HG01920	XY	AMR	PEL	true
HG01921	XX	AMR	PEL	true
HG01922	XX	AMR	PEL	false
HG01923	XY	AMR	PEL	true
HG01924	XX	AMR	PEL	true
HG01925	XX	AMR	PEL	false
HG01926	XY	AMR	PEL	true
HG01927	XX	AMR	PEL	true
HG01928	XY	AMR	PEL	false
HG01932	XY	AMR	PEL	true
HG01933	XX	AMR	PEL	true
HG01934	XY	AMR	PEL	false
HG01935	XY	AMR	PEL	true
HG01936	XX	AMR	PEL	true
HG01937	XY	AMR	PEL	false
HG01938	XY	AMR	PEL	true
HG01939	XX	AMR	PEL	true
HG01940	XX	AMR	PEL	false
HG01941	XY	AMR	PEL	true
HG01942	XX	AMR	PEL	true
HG01943	XY	AMR	PEL	false
HG01944	XY	AMR	PEL	true
HG01945	XX	AMR	PEL	true
HG01946	XY	AMR	PEL	false
HG01947	XY	AMR	PEL	true
HG01948	XX	AMR	PEL	true
HG01949	XX	AMR	PEL	false
HG01950	XY	AMR	PEL	true
HG01951	XX	AMR	PEL	true
HG01952	XY	AMR	PEL	false
HG01953	XY	AMR	PEL	true
HG01954	XX	AMR	PEL	true
HG01955	XX	AMR	PEL	false
HG01956	XX	AFR	ACB	true
HG01958	XX	AFR	ACB	true
HG01959	XX	AFR	ACB	false
HG01960	XX	AFR	ACB	false
HG01961	XY	AMR	PEL	true
HG01965	XX	AMR	PEL	true
HG01967	XY	AMR	PEL	true
HG01968	XX	AMR	PEL	true
HG01969	XX	AMR	PEL	false
HG01970	XY	AMR	PEL	true
HG01971	XX	AMR	PEL	true
HG01972	XX	AMR	PEL	false
HG01973	XX	AMR	PEL	true
HG01974	XY	AMR	PEL	true
HG01975	XX	AMR	PEL	false
HG01976	XX	AMR	PEL	true
HG01977	XY	AMR	PEL	true
HG01978	XX	AMR	PEL	false
HG01979	XY	AMR	PEL	true
HG01980	XX	AMR	PEL	true
HG01981	XX	AMR	PEL	false
HG01982	XY	AMR	PEL	true
HG01983	XX	AMR	PEL	false
HG01984	XY	AMR	PEL	false
HG01985	XX	AFR	ACB	true
HG01986	XY	AFR	ACB	true
HG01987	XY	AFR	ACB	false
HG01988	XY	AFR	ACB	true
HG01989	XX	AFR	ACB	true
HG01990	XY	AFR	ACB	true
HG01991	XY	AMR	PEL	true
HG01992	XX	AMR	PEL	true
HG01993	XX	AMR	PEL	false
HG01997	XX	AMR	PEL	true
HG01998	XY	AMR	PEL	false
HG02002	XY	AMR	PEL	true
HG02003	XX	AMR	PEL	true
HG02004	XX	AMR	PEL	false
HG02006	XX	AMR	PEL	true
HG02008	XY	AMR	PEL	true
HG02009	XY	AFR	ACB	true
HG02010	XX	AFR	ACB	true
HG02011	XY	AFR	ACB	false
HG02012	XX	AFR	ACB	true
HG02013	XY	AFR	ACB	true
HG02014	XY	AFR	ACB	true
HG02015	XY	EAS	KHV	false
HG02016	XX	EAS	KHV	true
HG02017	XY	EAS	KHV	true
HG02018	XX	EAS	KHV	false
HG02019	XX	EAS	KHV	true
HG02020	XY	EAS	KHV	true
HG02023	XY	EAS	KHV	true
HG02024	XX	EAS	KHV	false
HG02025	XX	EAS	KHV	true
HG02026	XY	EAS	KHV	true
HG02027	XY	EAS	KHV	false
HG02028	XX	EAS	KHV	true
HG02029	XY	EAS	KHV	true
HG02030	XY	EAS	KHV	false
HG02031	XX	EAS	KHV	true
HG02032	XY	EAS	KHV	true
HG02035	XY	EAS	KHV	true
HG02040	XY	EAS	KHV	true
HG02047	XY	EAS	KHV	true
HG02048	XX	EAS	KHV	true
HG02049	XX	EAS	KHV	true
HG02050	XY	EAS	KHV	true
HG02051	XY	AFR	ACB	true
HG02052	XX	AFR	ACB	true
HG02053	XY	AFR	ACB	true
HG02054	XX	AFR	ACB	true
HG02055	XY	AFR	ACB	false
HG02056	XY	EAS	KHV	false
HG02057	XX	EAS	KHV	true
HG02058	XY	EAS	KHV	true
HG02059	XX	EAS	KHV	false
HG02060	XX	EAS	KHV	true
HG02061	XY	EAS	KHV	true
HG02064	XY	EAS	KHV	true
HG02067	XY	EAS	KHV	true
HG02068	XX	EAS	KHV	false
HG02069	XX	EAS	KHV	true
HG02070	XY	EAS	KHV	true
HG02071	XY	EAS	KHV	false
HG02072	XX	EAS	KHV	true
HG02073	XY	EAS	KHV	true
HG02074	XY	EAS	KHV	false
HG02075	XX	EAS	KHV	true
HG02076	XY	EAS	KHV	true
HG02077	XY	EAS	KHV	false
HG02078	XX	EAS	KHV	true
HG02079	XY	EAS	KHV	true
HG02080	XX	EAS	KHV	false
HG02081	XX	EAS	KHV	true
HG02082	XY	EAS	KHV	true
HG02083	XY	EAS	KHV	false
HG02084	XX	EAS	KHV	true
HG02085	XY	EAS	KHV	true
HG02086	XX	EAS	KHV	true
HG02087	XX	EAS	KHV	true
HG02088	XY	EAS	KHV	true
HG02089	XX	AMR	PEL	true
HG02090	XY	AMR	PEL	true
HG02091	XX	AMR	PEL	false
HG02095	XX	AFR	ACB	true
HG02102	XX	AMR	PEL	true
HG02104	XY	AMR	PEL	true
HG02105	XX	AMR	PEL	true
HG02106	XX	AMR	PEL	false
HG02107	XY	AFR	ACB	true
HG02108	XX	AFR	ACB	true
HG02111	XX	AFR	ACB	true
HG02113	XX	EAS	KHV	true
HG02116	XY	EAS	KHV	true
HG02120	XY	EAS	KHV	false
HG02121	XX	EAS	KHV	true
HG02122	XY	EAS	KHV	true
HG02126	XX	EAS	KHV	false
HG02127	XX	EAS	KHV	true
HG02128	XY	EAS	KHV	true
HG02129	XY	EAS	KHV	false
HG02130	XX	EAS	KHV	true
HG02131	XY	EAS	KHV	true
HG02132	XY	EAS	KHV	false
HG02133	XX	EAS	KHV	true
HG02134	XY	EAS	KHV	true
HG02135	XY	EAS	KHV	false
HG02136	XX	EAS	KHV	true
HG02137	XY	EAS	KHV	true
HG02138	XY	EAS	KHV	true
HG02139	XX	EAS	KHV	true
HG02140	XX	EAS	KHV	true
HG02141	XY	EAS	KHV	true
HG02142	XX	EAS	KHV	true
HG02143	XY	AFR	ACB	true
HG02144	XX	AFR	ACB	true
HG02145	XY	AFR	ACB	false
HG02146	XY	AMR	PEL	true
HG02147	XX	AMR	PEL	true
HG02148	XX	AMR	PEL	false
HG02150	XY	AMR	PEL	true
HG02151	XX	EAS	CDX	true
HG02152	XX	EAS	CDX	true
HG02153	XX	EAS	CDX	true
HG02154	XX	EAS	CDX	true
HG02155	XX	EAS	CDX	true
HG02156	XX	EAS	CDX	true
HG02164	XX	EAS	CDX	true
HG02165	XX	EAS	CDX	true
HG02166	XX	EAS	CDX	true
HG02178	XX	EAS	CDX	true
HG02179	XX	EAS	CDX	true
HG02180	XX	EAS	CDX	true
HG02181	XX	EAS	CDX	true
HG02182	XX	EAS	CDX	true
HG02184	XX	EAS	CDX	true
HG02185	XX	EAS	CDX	true
HG02186	XX	EAS	CDX	true
HG02187	XX	EAS	CDX	true
HG02188	XX	EAS	CDX	true
HG02190	XX	EAS	CDX	true
HG02215	XX	EUR	GBR	true
HG02219	XY	EUR	IBS	true
HG02220	XX	EUR	IBS	true
HG02221	XY	EUR	IBS	true
HG02222	XX	EUR	IBS	false
HG02223	XX	EUR	IBS	true
HG02224	XY	EUR	IBS	true
HG02225	XX	EUR	IBS	false
HG02229	XX	EUR	IBS	false
HG02230	XX	EUR	IBS	true
HG02231	XY	EUR	IBS	true
HG02232	XX	EUR	IBS	true
HG02233	XY	EUR	IBS	true
HG02234	XY	EUR	IBS	false
HG02235	XX	EUR	IBS	true
HG02236	XY	EUR	IBS	true
HG02237	XX	EUR	IBS	false
HG02238	XY	EUR	IBS	true
HG02239	XX	EUR	IBS	true
HG02240	XX	EUR	IBS	false
HG02250	XY	EAS	CDX	true
HG02252	XX	AMR	PEL	true
HG02253	XY	AMR	PEL	true
HG02255	XY	AFR	ACB	true
HG02256	XX	AFR	ACB	true
HG02257	XX	AFR	ACB	false
HG02258	XY	AFR	ACB	false
HG02259	XY	AMR	PEL	true
HG02260	XX	AMR	PEL	true
HG02261	XY	AMR	PEL	false
HG02262	XY	AMR	PEL	true
HG02265	XY	AMR	PEL	true
HG02266	XX	AMR	PEL	true
HG02271	XY	AMR	PEL	true
HG02272	XX	AMR	PEL	true
HG02273	XX	AMR	PEL	false
HG02274	XY	AMR	PEL	true
HG02275	XX	AMR	PEL	true
HG02277	XY	AMR	PEL	true
HG02278	XX	AMR	PEL	true
HG02279	XY	AMR	PEL	false
HG02280	XX	AFR	ACB	false
HG02281	XY	AFR	ACB	true
HG02282	XX	AFR	ACB	true
HG02283	XY	AFR	ACB	true
HG02284	XY	AFR	ACB	true
HG02285	XY	AMR	PEL	true
HG02286	XX	AMR	PEL	true
HG02287	XX	AMR	PEL	false
HG02291	XY	AMR	PEL	true
HG02292	XX	AMR	PEL	true
HG02293	XX	AMR	PEL	false
HG02298	XX	AMR	PEL	true
HG02299	XY	AMR	PEL	true
HG02300	XY	AMR	PEL	false
HG02301	XX	AMR	PEL	true
HG02302	XY	AMR	PEL	false
HG02303	XX	AMR	PEL	false
HG02304	XY	AMR	PEL	true
HG02307	XY	AFR	ACB	true
HG02308	XX	AFR	ACB	true
HG02309	XX	AFR	ACB	true
HG02312	XX	AMR	PEL	true
HG02314	XY	AFR	ACB	true
HG02315	XX	AFR	ACB	true
HG02316	XY	AFR	ACB	false
HG02317	XY	AFR	ACB	true
HG02318	XX	AFR	ACB	true
HG02321	XX	AFR	ACB	false
HG02322	XX	AFR	ACB	true
HG02323	XY	AFR	ACB	true
HG02325	XX	AFR	ACB	true
HG02330	XY	AFR	ACB	true
HG02332	XY	AFR	ACB	true
HG02334	XY	AFR	ACB	true
HG02337	XX	AFR	ACB	true
HG02339	XX	AFR	ACB	true
HG02343	XY	AFR	ACB	true
HG02345	XX	AMR	PEL	true
HG02348	XX	AMR	PEL	true
HG02351	XY	EAS	CDX	true
HG02353	XY	EAS	CDX	true
HG02355	XY	EAS	CDX	true
HG02356	XY	EAS	CDX	true
HG02360	XY	EAS	CDX	true
HG02364	XY	EAS	CDX	true
HG02367	XY	EAS	CDX	true
HG02371	XY	EAS	CDX	true
HG02373	XY	EAS	CDX	true
HG02374	XY	EAS	CDX	true
HG02375	XY	EAS	CDX	true
HG02379	XY	EAS	CDX	true
HG02380	XY	EAS	CDX	true
HG02382	XY	EAS	CDX	true
HG02383	XY	EAS	CDX	true
HG02384	XY	EAS	CDX	true
HG02385	XY	EAS	CDX	true
HG02386	XY	EAS	CDX	true
HG02389	XY	EAS	CDX	true
HG02390	XY	EAS	CDX	true
HG02391	XY	EAS	CDX	true
HG02392	XY	EAS	CDX	true
HG02394	XY	EAS	CDX	true
HG02395	XY	EAS	CDX	true
HG02396	XY	EAS	CDX	true
HG02397	XY	EAS	CDX	true
HG02398	XY	EAS	CDX	true
HG02399	XY	EAS	CDX	true
HG02401	XY	EAS	CDX	true
HG02402	XY	EAS	CDX	true
HG02406	XY	EAS	CDX	true
HG02407	XY	EAS	CDX	true
HG02408	XY	EAS	CDX	true
HG02409	XY	EAS	CDX	true
HG02410	XY	EAS	CDX	true
HG02419	XX	AFR	ACB	true
HG02420	XY	AFR	ACB	true
HG02425	XX	AMR	PEL	true
HG02427	XX	AFR	ACB	true
HG02429	XY	AFR	ACB	true
HG02433	XY	AFR	ACB	true
HG02439	XY	AFR	ACB	true
HG02442	XY	AFR	ACB	true
HG02445	XY	AFR	ACB	true
HG02449	XY	AFR	ACB	true
HG02450	XX	AFR	ACB	true
HG02451	XX	AFR	ACB	false
HG02455	XY	AFR	ACB	true
HG02461	XY	AFR	GWD	true
HG02462	XX	AFR	GWD	true
HG02463	XY	AFR	GWD	false
HG02464	XY	AFR	GWD	true
HG02465	XX	AFR	GWD	true
HG02466	XY	AFR	GWD	false
HG02470	XY	AFR	ACB	true
HG02471	XX	AFR	ACB	true
HG02476	XX	AFR	ACB	true
HG02477	XX	AFR	ACB	true
HG02479	XX	AFR	ACB	true
HG02481	XY	AFR	ACB	true
HG02484	XY	AFR	ACB	true
HG02485	XX	AFR	ACB	true
HG02489	XY	AFR	ACB	true
HG02490	XY	SAS	PJL	true
HG02491	XX	SAS	PJL	true
HG02492	XY	SAS	PJL	false
HG02493	XY	SAS	PJL	true
HG02494	XX	SAS	PJL	true
HG02495	XX	SAS	PJL	false
HG02496	XY	AFR	ACB	true
HG02497	XX	AFR	ACB	true
HG02501	XY	AFR	ACB	true
HG02502	XX	AFR	ACB	true
HG02505	XX	AFR	ACB	true
HG02508	XX	AFR	ACB	true
HG02511	XX	AFR	ACB	true
HG02512	XY	EAS	KHV	true
HG02513	XX	EAS	KHV	true
HG02514	XY	EAS	KHV	false
HG02521	XY	EAS	KHV	true
HG02522	XX	EAS	KHV	true
HG02523	XX	EAS	KHV	false
HG02524	XY	EAS	KHV	false
HG02525	XX	EAS	KHV	false
HG02526	XX	EAS	KHV	false
HG02536	XY	AFR	ACB	true
HG02537	XX	AFR	ACB	true
HG02541	XY	AFR	ACB	true
HG02545	XY	AFR	ACB	true
HG02546	XX	AFR	ACB	true
HG02549	XX	AFR	ACB	true
HG02554	XY	AFR	ACB	true
HG02555	XX	AFR	ACB	true
HG02557	XY	AFR	ACB	true
HG02558	XX	AFR	ACB	true
HG02561	XY	AFR	GWD	true
HG02562	XX	AFR	GWD	true
HG02563	XY	AFR	GWD	false
HG02568	XX	AFR	GWD	true
HG02569	XY	AFR	GWD	false
HG02570	XY	AFR	GWD	true
HG02571	XX	AFR	GWD	true
HG02572	XY	AFR	GWD	false
HG02573	XY	AFR	GWD	true
HG02574	XX	AFR	GWD	true
HG02575	XY	AFR	GWD	false
HG02577	XX	AFR	ACB	true
HG02580	XX	AFR	ACB	true
HG02582	XY	AFR	GWD	true
HG02583	XX	AFR	GWD	true
HG02584	XY	AFR	GWD	false
HG02585	XY	AFR	GWD	true
HG02586	XX	AFR	GWD	true
HG02587	XX	AFR	GWD	false
HG02588	XY	AFR	GWD	true
HG02589	XX	AFR	GWD	true
HG02590	XY	AFR	GWD	false
HG02594	XY	AFR	GWD	true
HG02595	XX	AFR	GWD	true
HG02596	XY	AFR	GWD	false
HG02597	XY	SAS	PJL	true
HG02600	XY	SAS	PJL	true
HG02601	XX	SAS	PJL	true
HG02602	XY	SAS	PJL	false
HG02603	XY	SAS	PJL	true
HG02604	XX	SAS	PJL	true
HG02605	XX	SAS	PJL	false
HG02610	XY	AFR	GWD	true
HG02611	XX	AFR	GWD	true
HG02612	XY	AFR	GWD	false
HG02613	XY	AFR	GWD	true
HG02614	XX	AFR	GWD	true
HG02615	XX	AFR	GWD	false
HG02620	XY	AFR	GWD	true
HG02621	XX	AFR	GWD	true
HG02622	XX	AFR	GWD	false
HG02623	XY	AFR	GWD	true
HG02624	XX	AFR	GWD	true
HG02625	XY	AFR	GWD	false
HG02628	XY	AFR	GWD	true
HG02629	XX	AFR	GWD	true
HG02630	XX	AFR	GWD	false
HG02634	XY	AFR	GWD	true
HG02635	XX	AFR	GWD	true
HG02636	XY	AFR	GWD	false
HG02642	XY	AFR	GWD	true
HG02643	XX	AFR	GWD	true
HG02644	XY	AFR	GWD	false
HG02645	XY	AFR	GWD	true
HG02646	XX	AFR	GWD	true
HG02647	XY	AFR	GWD	false
HG02648	XY	SAS	PJL	true
HG02649	XX	SAS	PJL	true
HG02650	XY	SAS	PJL	false
HG02651	XY	SAS	PJL	true
HG02652	XX	SAS	PJL	true
HG02653	XX	SAS	PJL	false
HG02654	XY	SAS	PJL	true
HG02655	XX	SAS	PJL	true
HG02656	XY	SAS	PJL	false
HG02657	XY	SAS	PJL	true
HG02658	XX	SAS	PJL	true
HG02659	XX	SAS	PJL	false
HG02660	XY	SAS	PJL	true
HG02661	XX	SAS	PJL	true
HG02662	XX	SAS	PJL	false
HG02666	XY	AFR	GWD	true
HG02667	XX	AFR	GWD	true
HG02668	XY	AFR	GWD	false
HG02675	XY	AFR	GWD	true
HG02676	XX	AFR	GWD	true
HG02677	XX	AFR	GWD	false
HG02678	XY	AFR	GWD	true
HG02679	XX	AFR	GWD	true
HG02680	XX	AFR	GWD	false
HG02681	XY	SAS	PJL	true
HG02682	XX	SAS	PJL	true
HG02683	XX	SAS	PJL	false
HG02684	XY	SAS	PJL	true
HG02685	XX	SAS	PJL	true
HG02686	XY	SAS	PJL	false
HG02687	XY	SAS	PJL	true
HG02688	XX	SAS	PJL	true
HG02689	XY	SAS	PJL	false
HG02690	XY	SAS	PJL	true
HG02691	XX	SAS	PJL	true
HG02692	XX	SAS	PJL	false
HG02694	XX	SAS	PJL	true
HG02696	XY	SAS	PJL	true
HG02697	XX	SAS	PJL	true
HG02698	XY	SAS	PJL	false
HG02699	XY	SAS	PJL	true
HG02700	XX	SAS	PJL	true
HG02701	XY	SAS	PJL	false
HG02702	XY	AFR	GWD	true
HG02703	XX	AFR	GWD	true
HG02704	XX	AFR	GWD	false
HG02715	XY	AFR	GWD	true
HG02716	XX	AFR	GWD	true
HG02717	XY	AFR	GWD	false
HG02721	XY	AFR	GWD	true
HG02722	XX	AFR	GWD	true
HG02723	XX	AFR	GWD	false
HG02724	XY	SAS	PJL	true
HG02725	XX	SAS	PJL	true
HG02726	XX	SAS	PJL	false
HG02727	XY	SAS	PJL	true
HG02728	XX	SAS	PJL	true
HG02729	XY	SAS	PJL	false
HG02731	XX	SAS	PJL	true
HG02733	XY	SAS	PJL	true
HG02734	XX	SAS	PJL	true
HG02735	XY	SAS	PJL	false
HG02736	XY	SAS	PJL	true
HG02737	XX	SAS	PJL	true
HG02738	XY	SAS	PJL	false
HG02756	XY	AFR	GWD	true
HG02757	XX	AFR	GWD	true
HG02759	XY	AFR	GWD	true
HG02760	XX	AFR	GWD	true
HG02761	XX	AFR	GWD	false
HG02762	XY	AFR	GWD	false
HG02763	XX	AFR	GWD	true
HG02764	XY	AFR	GWD	false
HG02768	XY	AFR	GWD	true
HG02769	XX	AFR	GWD	true
HG02770	XX	AFR	GWD	false
HG02771	XY	AFR	GWD	true
HG02772	XX	AFR	GWD	true
HG02773	XY	AFR	GWD	false
HG02774	XY	SAS	PJL	true
HG02775	XX	SAS	PJL	true
HG02776	XX	SAS	PJL	false
HG02778	XX	SAS	PJL	true
HG02780	XY	SAS	PJL	true
HG02783	XY	SAS	PJL	true
HG02784	XX	SAS	PJL	true
HG02785	XX	SAS	PJL	false
HG02786	XY	SAS	PJL	true
HG02787	XX	SAS	PJL	true
HG02788	XX	SAS	PJL	false
HG02789	XY	SAS	PJL	true
HG02790	XX	SAS	PJL	true
HG02791	XY	SAS	PJL	false
HG02792	XY	SAS	PJL	true
HG02793	XX	SAS	PJL	true
HG02794	XY	SAS	PJL	false
HG02798	XY	AFR	GWD	true
HG02799	XX	AFR	GWD	true
HG02800	XY	AFR	GWD	false
HG02804	XY	AFR	GWD	true
HG02805	XX	AFR	GWD	true
HG02806	XX	AFR	GWD	false
HG02807	XY	AFR	GWD	true
HG02808	XX	AFR	GWD	true
HG02809	XX	AFR	GWD	false
HG02810	XY	AFR	GWD	true
HG02811	XX	AFR	GWD	true
HG02812	XY	AFR	GWD	false
HG02813	XY	AFR	GWD	true
HG02814	XX	AFR	GWD	true
HG02815	XY	AFR	GWD	false
HG02816	XY	AFR	GWD	true
HG02817	XX	AFR	GWD	true
HG02818	XX	AFR	GWD	false
HG02819	XY	AFR	GWD	true
HG02820	XX	AFR	GWD	true
HG02821	XY	AFR	GWD	false
HG02836	XY	AFR	GWD	true
HG02837	XX	AFR	GWD	true
HG02838	XY	AFR	GWD	false
HG02839	XY	AFR	GWD	true
HG02840	XX	AFR	GWD	true
HG02841	XX	AFR	GWD	false
HG02851	XY	AFR	GWD	true
HG02852	XX	AFR	GWD	true
HG02853	XY	AFR	GWD	false
HG02854	XY	AFR	GWD	true
HG02855	XX	AFR	GWD	true
HG02856	XY	AFR	GWD	false
HG02860	XY	AFR	GWD	true
HG02861	XX	AFR	GWD	true
HG02862	XX	AFR	GWD	false
HG02869	XY	AFR	GWD	false
HG02870	XX	AFR	GWD	true
HG02871	XX	AFR	GWD	false
HG02878	XY	AFR	GWD	true
HG02879	XX	AFR	GWD	true
HG02880	XX	AFR	GWD	false
HG02881	XY	AFR	GWD	true
HG02882	XX	AFR	GWD	true
HG02883	XY	AFR	GWD	false
HG02884	XY	AFR	GWD	true
HG02885	XX	AFR	GWD	true
HG02886	XX	AFR	GWD	false
HG02887	XY	AFR	GWD	true
HG02888	XX	AFR	GWD	true
HG02889	XX	AFR	GWD	false
HG02890	XY	AFR	GWD	true
HG02891	XX	AFR	GWD	true
HG02892	XY	AFR	GWD	false
HG02895	XY	AFR	GWD	true
HG02896	XX	AFR	GWD	true
HG02897	XX	AFR	GWD	false
HG02922	XX	AFR	ESN	true
HG02923	XY	AFR	ESN	true
HG02924	XY	AFR	ESN	false
HG02938	XY	AFR	ESN	true
HG02941	XY	AFR	ESN	true
HG02943	XX	AFR	ESN	true
HG02944	XY	AFR	ESN	true
HG02945	XX	AFR	ESN	false
HG02946	XX	AFR	ESN	true
HG02947	XY	AFR	ESN	true
HG02948	XY	AFR	ESN	false
HG02952	XX	AFR	ESN	true
HG02953	XY	AFR	ESN	true
HG02954	XY	AFR	ESN	false
HG02964	XX	AFR	ESN	false
HG02965	XY	AFR	ESN	false
HG02966	XY	AFR	ESN	false
HG02968	XY	AFR	ESN	true
HG02970	XX	AFR	ESN	true
HG02971	XY	AFR	ESN	true
HG02972	XY	AFR	ESN	false
HG02973	XY	AFR	ESN	true
HG02974	XX	AFR	ESN	true
HG02975	XY	AFR	ESN	false
HG02976	XX	AFR	ESN	true
HG02977	XY	AFR	ESN	true
HG02978	XX	AFR	ESN	false
HG02979	XX	AFR	ESN	true
HG02980	XY	AFR	ESN	false
HG02981	XY	AFR	ESN	true
HG02982	XY	AFR	GWD	true
HG02983	XX	AFR	GWD	true
HG02984	XY	AFR	GWD	false
HG03006	XY	SAS	BEB	true
HG03007	XX	SAS	BEB	true
HG03008	XY	SAS	BEB	false
HG03009	XY	SAS	BEB	true
HG03012	XY	SAS	BEB	true
HG03015	XY	SAS	PJL	true
HG03016	XX	SAS	PJL	true
HG03017	XY	SAS	PJL	false
HG03018	XY	SAS	PJL	true
HG03019	XX	SAS	PJL	true
HG03021	XY	SAS	PJL	true
HG03022	XX	SAS	PJL	true
HG03024	XY	AFR	GWD	true
HG03025	XX	AFR	GWD	true
HG03026	XX	AFR	GWD	false
HG03027	XY	AFR	GWD	true
HG03028	XX	AFR	GWD	true
HG03029	XY	AFR	GWD	false
HG03033	XY	AFR	GWD	false
HG03034	XX	AFR	GWD	false
HG03035	XY	AFR	GWD	false
HG03039	XY	AFR	GWD	true
HG03040	XX	AFR	GWD	true
HG03041	XX	AFR	GWD	false
HG03045	XY	AFR	GWD	true
HG03046	XX	AFR	GWD	true
HG03047	XX	AFR	GWD	false
HG03048	XY	AFR	GWD	true
HG03049	XX	AFR	GWD	true
HG03050	XY	AFR	GWD	false
HG03052	XX	AFR	MSL	true
HG03054	XY	AFR	MSL	true
HG03055	XX	AFR	MSL	true
HG03056	XY	AFR	MSL	false
HG03057	XY	AFR	MSL	true
HG03058	XX	AFR	MSL	true
HG03060	XY	AFR	MSL	true
HG03061	XX	AFR	MSL	true
HG03063	XY	AFR	MSL	true
HG03064	XX	AFR	MSL	true
HG03065	XY	AFR	MSL	false
HG03066	XY	AFR	MSL	true
HG03069	XY	AFR	MSL	true
HG03072	XY	AFR	MSL	true
HG03073	XX	AFR	MSL	true
HG03074	XY	AFR	MSL	true
HG03077	XY	AFR	MSL	true
HG03078	XY	AFR	MSL	true
HG03079	XX	AFR	MSL	true
HG03081	XY	AFR	MSL	true
HG03082	XX	AFR	MSL	true
HG03084	XY	AFR	MSL	true
HG03085	XX	AFR	MSL	true
HG03086	XX	AFR	MSL	true
HG03088	XX	AFR	MSL	true
HG03091	XX	AFR	MSL	true
HG03095	XX	AFR	MSL	true
HG03096	XY	AFR	MSL	true
HG03097	XX	AFR	MSL	true
HG03098	XY	AFR	MSL	false
HG03099	XX	AFR	ESN	true
HG03100	XY	AFR	ESN	true
HG03101	XY	AFR	ESN	false
HG03103	XY	AFR	ESN	true
HG03105	XX	AFR	ESN	true
HG03108	XX	AFR	ESN	true
HG03109	XY	AFR	ESN	true
HG03110	XX	AFR	ESN	false
HG03111	XX	AFR	ESN	true
HG03112	XY	AFR	ESN	true
HG03113	XX	AFR	ESN	false
HG03114	XX	AFR	ESN	true
HG03115	XY	AFR	ESN	true
HG03116	XX	AFR	ESN	false
HG03117	XX	AFR	ESN	true
HG03118	XY	AFR	ESN	true
HG03119	XX	AFR	ESN	false
HG03120	XY	AFR	ESN	true
HG03121	XX	AFR	ESN	true
HG03122	XY	AFR	ESN	false
HG03123	XX	AFR	ESN	true
HG03124	XY	AFR	ESN	true
HG03125	XX	AFR	ESN	false
HG03126	XX	AFR	ESN	true
HG03127	XY	AFR	ESN	true
HG03128	XY	AFR	ESN	false
HG03129	XX	AFR	ESN	true
HG03130	XY	AFR	ESN	true
HG03131	XY	AFR	ESN	false
HG03132	XX	AFR	ESN	true
HG03133	XY	AFR	ESN	true
HG03134	XY	AFR	ESN	false
HG03135	XX	AFR	ESN	true
HG03136	XY	AFR	ESN	true
HG03137	XY	AFR	ESN	false
HG03139	XY	AFR	ESN	true
HG03157	XY	AFR	ESN	true
HG03159	XX	AFR	ESN	true
HG03160	XY	AFR	ESN	true
HG03161	XY	AFR	ESN	false
HG03162	XX	AFR	ESN	true
HG03163	XY	AFR	ESN	true
HG03164	XX	AFR	ESN	false
HG03166	XY	AFR	ESN	true
HG03168	XX	AFR	ESN	true
HG03169	XY	AFR	ESN	true
HG03170	XY	AFR	ESN	false
HG03172	XY	AFR	ESN	true
HG03175	XY	AFR	ESN	true
HG03189	XX	AFR	ESN	true
HG03190	XY	AFR	ESN	true
HG03191	XY	AFR	ESN	false
HG03193	XY	AFR	ESN	true
HG03195	XX	AFR	ESN	true
HG03196	XY	AFR	ESN	true
HG03197	XY	AFR	ESN	false
HG03198	XX	AFR	ESN	true
HG03199	XY	AFR	ESN	true
HG03200	XX	AFR	ESN	false
HG03202	XY	AFR	ESN	true
HG03209	XY	AFR	MSL	true
HG03212	XX	AFR	MSL	true
HG03224	XY	AFR	MSL	true
HG03225	XY	AFR	MSL	true
HG03228	XY	SAS	PJL	true
HG03229	XX	SAS	PJL	true
HG03230	XX	SAS	PJL	false
HG03234	XY	SAS	PJL	true
HG03235	XX	SAS	PJL	true
HG03236	XX	SAS	PJL	false
HG03237	XY	SAS	PJL	true
HG03238	XX	SAS	PJL	true
HG03239	XX	SAS	PJL	false
HG03240	XY	AFR	GWD	true
HG03241	XX	AFR	GWD	true
HG03242	XY	AFR	GWD	false
HG03246	XY	AFR	GWD	true
HG03247	XX	AFR	GWD	true
HG03248	XY	AFR	GWD	false
HG03249	XY	AFR	GWD	false
HG03250	XX	AFR	GWD	false
HG03251	XX	AFR	GWD	false
HG03258	XY	AFR	GWD	true
HG03259	XX	AFR	GWD	true
HG03260	XY	AFR	GWD	false
HG03265	XY	AFR	ESN	true
HG03267	XX	AFR	ESN	true
HG03268	XY	AFR	ESN	true
HG03269	XY	AFR	ESN	false
HG03270	XX	AFR	ESN	true
HG03271	XY	AFR	ESN	true
HG03272	XX	AFR	ESN	false
HG03279	XX	AFR	ESN	true
HG03280	XY	AFR	ESN	true
HG03291	XX	AFR	ESN	true
HG03294	XX	AFR	ESN	true
HG03295	XY	AFR	ESN	true
HG03296	XY	AFR	ESN	false
HG03297	XX	AFR	ESN	true
HG03298	XY	AFR	ESN	true
HG03299	XY	AFR	ESN	false
HG03300	XX	AFR	ESN	true
HG03301	XY	AFR	ESN	true
HG03302	XY	AFR	ESN	false
HG03303	XX	AFR	ESN	true
HG03304	XY	AFR	ESN	true
HG03305	XX	AFR	ESN	false
HG03306	XX	AFR	ESN	false
HG03307	XY	AFR	ESN	false
HG03308	XY	AFR	ESN	false
HG03309	XX	AFR	ESN	false
HG03310	XX	AFR	ESN	false
HG03311	XY	AFR	ESN	true
HG03312	XX	AFR	ESN	false
HG03313	XY	AFR	ESN	true
HG03314	XY	AFR	ESN	false
HG03342	XX	AFR	ESN	true
HG03343	XY	AFR	ESN	true
HG03344	XY	AFR	ESN	false
HG03350	XY	AFR	ESN	false
HG03351	XX	AFR	ESN	true
HG03352	XY	AFR	ESN	true
HG03354	XX	AFR	ESN	true
HG03363	XX	AFR	ESN	true
HG03366	XX	AFR	ESN	true
HG03367	XY	AFR	ESN	true
HG03368	XY	AFR	ESN	false
HG03369	XX	AFR	ESN	true
HG03370	XY	AFR	ESN	true
HG03371	XY	AFR	ESN	false
HG03372	XX	AFR	ESN	true
HG03373	XY	AFR	ESN	false
HG03374	XX	AFR	ESN	false
HG03376	XY	AFR	MSL	true
HG03378	XX	AFR	MSL	true
HG03380	XX	AFR	MSL	true
HG03382	XY	AFR	MSL	true
HG03385	XY	AFR	MSL	true
HG03388	XY	AFR	MSL	true
HG03391	XY	AFR	MSL	true
HG03394	XY	AFR	MSL	true
HG03397	XY	AFR	MSL	true
HG03401	XX	AFR	MSL	true
HG03410	XX	AFR	MSL	true
HG03419	XX	AFR	MSL	true
HG03428	XX	AFR	MSL	true
HG03432	XY	AFR	MSL	true
HG03433	XY	AFR	MSL	true
HG03436	XY	AFR	MSL	true
HG03437	XX	AFR	MSL	true
HG03438	XX	AFR	MSL	false
HG03439	XY	AFR	MSL	true
HG03442	XY	AFR	MSL	true
HG03445	XY	AFR	MSL	true
HG03446	XX	AFR	MSL	true
HG03449	XX	AFR	MSL	true
HG03451	XY	AFR	MSL	true
HG03452	XX	AFR	MSL	true
HG03453	XX	AFR	MSL	false
HG03454	XY	AFR	MSL	false
HG03455	XX	AFR	MSL	true
HG03456	XY	AFR	MSL	false
HG03457	XY	AFR	MSL	true
HG03458	XX	AFR	MSL	true
HG03460	XY	AFR	MSL	true
HG03461	XX	AFR	MSL	true
HG03464	XX	AFR	MSL	true
HG03469	XY	AFR	MSL	true
HG03470	XX	AFR	MSL	true
HG03472	XY	AFR	MSL	true
HG03473	XX	AFR	MSL	true
HG03476	XX	AFR	MSL	true
HG03478	XY	AFR	MSL	true
HG03479	XX	AFR	MSL	true
HG03480	XX	AFR	MSL	false
HG03484	XY	AFR	MSL	true
HG03485	XX	AFR	MSL	true
HG03486	XX	AFR	MSL	false
HG03487	XY	SAS	PJL	false
HG03488	XX	SAS	PJL	true
HG03489	XY	SAS	PJL	false
HG03490	XY	SAS	PJL	true
HG03491	XX	SAS	PJL	true
HG03492	XY	SAS	PJL	false
HG03499	XX	AFR	ESN	true
HG03511	XX	AFR	ESN	true
HG03514	XX	AFR	ESN	true
HG03515	XY	AFR	ESN	true
HG03516	XX	AFR	ESN	false
HG03517	XX	AFR	ESN	true
HG03518	XY	AFR	ESN	true
HG03519	XY	AFR	ESN	false
HG03520	XX	AFR	ESN	true
HG03521	XY	AFR	ESN	true
HG03522	XX	AFR	ESN	false
HG03538	XY	AFR	GWD	true
HG03539	XX	AFR	GWD	true
HG03540	XX	AFR	GWD	false
HG03547	XY	AFR	MSL	true
HG03548	XX	AFR	MSL	true
HG03556	XY	AFR	MSL	true
HG03557	XX	AFR	MSL	true
HG03558	XX	AFR	MSL	true
HG03559	XY	AFR	MSL	true
HG03563	XX	AFR	MSL	true
HG03565	XY	AFR	MSL	true
HG03567	XX	AFR	MSL	true
HG03571	XY	AFR	MSL	true
HG03572	XX	AFR	MSL	true
HG03574	XY	AFR	MSL	false
HG03575	XX	AFR	MSL	true
HG03576	XX	AFR	MSL	false
HG03577	XY	AFR	MSL	true
HG03578	XX	AFR	MSL	true
HG03579	XY	AFR	MSL	false
HG03582	XY	AFR	MSL	false
HG03583	XX	AFR	MSL	true
HG03584	XX	AFR	MSL	false
HG03585	XY	SAS	BEB	true
HG03589	XX	SAS	BEB	true
HG03593	XY	SAS	BEB	true
HG03594	XY	SAS	BEB	true
HG03595	XX	SAS	BEB	true
HG03596	XY	SAS	BEB	false
HG03598	XX	SAS	BEB	true
HG03600	XY	SAS	BEB	true
HG03603	XY	SAS	BEB	true
HG03604	XX	SAS	BEB	true
HG03605	XX	SAS	BEB	false
HG03606	XY	SAS	BEB	false
HG03607	XX	SAS	BEB	true
HG03611	XX	SAS	BEB	true
HG03615	XY	SAS	BEB	true
HG03616	XX	SAS	BEB	true
HG03617	XX	SAS	BEB	false
HG03618	XY	SAS	PJL	false
HG03619	XX	SAS	PJL	true
HG03620	XX	SAS	PJL	false
HG03624	XY	SAS	PJL	true
HG03625	XX	SAS	PJL	true
HG03626	XX	SAS	PJL	false
HG03629	XY	SAS	PJL	true
HG03631	XX	SAS	PJL	true
HG03633	XY	SAS	PJL	false
HG03634	XX	SAS	PJL	true
HG03635	XX	SAS	PJL	false
HG03636	XY	SAS	PJL	true
HG03639	XY	SAS	PJL	false
HG03640	XX	SAS	PJL	true
HG03641	XY	SAS	PJL	false
HG03642	XX	SAS	STU	true
HG03643	XX	SAS	STU	true
HG03644	XY	SAS	STU	true
HG03645	XX	SAS	STU	true
HG03646	XY	SAS	STU	true
HG03649	XY	SAS	PJL	true
HG03650	XX	SAS	PJL	false
HG03651	XY	SAS	PJL	false
HG03652	XY	SAS	PJL	true
HG03653	XX	SAS	PJL	true
HG03654	XY	SAS	PJL	false
HG03660	XY	SAS	PJL	true
HG03663	XY	SAS	PJL	true
HG03667	XY	SAS	PJL	true
HG03668	XX	SAS	PJL	true
HG03669	XX	SAS	PJL	false
HG03672	XY	SAS	STU	true
HG03673	XX	SAS	STU	true
HG03679	XY	SAS	STU	true
HG03680	XY	SAS	STU	true
HG03681	XY	SAS	STU	true
HG03682	XY	SAS	STU	false
HG03683	XX	SAS	STU	false
HG03684	XX	SAS	STU	true
HG03685	XY	SAS	STU	true
HG03686	XY	SAS	STU	true
HG03687	XY	SAS	STU	true
HG03688	XY	SAS	STU	false
HG03689	XX	SAS	STU	true
HG03690	XX	SAS	STU	true
HG03691	XY	SAS	STU	true
HG03692	XX	SAS	STU	true
HG03693	XY	SAS	STU	true
HG03694	XY	SAS	STU	true
HG03695	XY	SAS	STU	true
HG03696	XY	SAS	STU	true
HG03697	XY	SAS	STU	true
HG03698	XX	SAS	STU	true
HG03699	XY	SAS	PJL	false
HG03700	XX	SAS	PJL	false
HG03701	XY	SAS	PJL	false
HG03702	XY	SAS	PJL	true
HG03703	XX	SAS	PJL	true
HG03704	XX	SAS	PJL	false
HG03705	XY	SAS	PJL	true
HG03706	XX	SAS	PJL	true
HG03707	XY	SAS	PJL	false
HG03708	XY	SAS	PJL	true
HG03709	XX	SAS	PJL	true
HG03710	XY	SAS	PJL	false
HG03711	XY	SAS	STU	true
HG03713	XY	SAS	ITU	true
HG03714	XX	SAS	ITU	true
HG03716	XY	SAS	ITU	true
HG03717	XX	SAS	ITU	true
HG03718	XY	SAS	ITU	true
HG03719	XX	SAS	ITU	false
HG03720	XY	SAS	ITU	true
HG03721	XX	SAS	ITU	false
HG03722	XX	SAS	ITU	true
HG03725	XY	SAS	ITU	false
HG03727	XY	SAS	ITU	true
HG03729	XY	SAS	ITU	true
HG03730	XX	SAS	ITU	true
HG03731	XX	SAS	ITU	true
HG03732	XY	SAS	ITU	false
HG03733	XX	SAS	STU	true
HG03736	XX	SAS	STU	true
HG03738	XY	SAS	STU	true
HG03740	XY	SAS	STU	true
HG03741	XX	SAS	STU	true
HG03742	XY	SAS	ITU	true
HG03743	XY	SAS	STU	true
HG03744	XY	SAS	STU	true
HG03745	XY	SAS	STU	true
HG03746	XY	SAS	STU	true
HG03750	XY	SAS	STU	true
HG03752	XX	SAS	STU	true
HG03753	XY	SAS	STU	true
HG03754	XX	SAS	STU	true
HG03755	XY	SAS	STU	true
HG03756	XX	SAS	STU	true
HG03757	XX	SAS	STU	true
HG03760	XX	SAS	STU	true
HG03761	XY	SAS	PJL	false
HG03762	XX	SAS	PJL	true
HG03763	XY	SAS	PJL	false
HG03765	XX	SAS	PJL	true
HG03767	XY	SAS	PJL	true
HG03770	XX	SAS	ITU	true
HG03771	XY	SAS	ITU	true
HG03772	XX	SAS	ITU	true
HG03773	XY	SAS	ITU	true
HG03774	XX	SAS	ITU	true
HG03775	XY	SAS	ITU	true
HG03777	XY	SAS	ITU	true
HG03778	XY	SAS	ITU	true
HG03779	XY	SAS	ITU	true
HG03780	XX	SAS	ITU	true
HG03781	XX	SAS	ITU	true
HG03782	XX	SAS	ITU	true
HG03784	XX	SAS	ITU	true
HG03785	XY	SAS	ITU	true
HG03786	XY	SAS	ITU	true
HG03787	XX	SAS	ITU	true
HG03788	XY	SAS	ITU	true
HG03789	XX	SAS	ITU	true
HG03790	XY	SAS	ITU	true
HG03792	XY	SAS	ITU	true
HG03793	XX	SAS	BEB	true
HG03794	XY	SAS	BEB	false
HG03795	XY	SAS	BEB	false
HG03796	XX	SAS	BEB	true
HG03797	XY	SAS	BEB	false
HG03798	XY	SAS	BEB	false
HG03799	XX	SAS	BEB	false
HG03800	XY	SAS	BEB	true
HG03801	XX	SAS	BEB	false
HG03802	XX	SAS	BEB	true
HG03803	XY	SAS	BEB	true
HG03804	XX	SAS	BEB	false
HG03805	XX	SAS	BEB	true
HG03806	XY	SAS	BEB	false
HG03807	XX	SAS	BEB	false
HG03808	XX	SAS	BEB	true
HG03809	XY	SAS	BEB	true
HG03812	XY	SAS	BEB	true
HG03814	XX	SAS	BEB	true
HG03815	XY	SAS	BEB	true
HG03816	XX	SAS	BEB	false
HG03817	XX	SAS	BEB	true
HG03821	XY	SAS	BEB	true
HG03823	XX	SAS	BEB	true
HG03824	XY	SAS	BEB	true
HG03825	XX	SAS	BEB	false
HG03826	XX	SAS	BEB	true
HG03829	XX	SAS	BEB	true
HG03830	XY	SAS	BEB	true
HG03831	XX	SAS	BEB	false
HG03832	XX	SAS	BEB	true
HG03833	XY	SAS	BEB	true
HG03834	XX	SAS	BEB	false
HG03836	XX	SAS	STU	true
HG03837	XY	SAS	STU	true
HG03838	XX	SAS	STU	true
HG03844	XY	SAS	STU	true
HG03846	XY	SAS	STU	true
HG03848	XY	SAS	STU	true
HG03849	XX	SAS	STU	true
HG03850	XY	SAS	STU	true
HG03851	XY	SAS	STU	true
HG03854	XY	SAS	STU	true
HG03856	XY	SAS	STU	true
HG03857	XX	SAS	STU	true
HG03858	XX	SAS	STU	true
HG03861	XX	SAS	ITU	true
HG03862	XX	SAS	ITU	true
HG03863	XX	SAS	ITU	true
HG03864	XY	SAS	ITU	true
HG03866	XY	SAS	ITU	true
HG03867	XY	SAS	ITU	true
HG03868	XX	SAS	ITU	true
HG03869	XY	SAS	ITU	true
HG03870	XY	SAS	ITU	true
HG03871	XY	SAS	ITU	true
HG03872	XY	SAS	ITU	true
HG03873	XX	SAS	ITU	true
HG03874	XX	SAS	ITU	true
HG03875	XY	SAS	ITU	true
HG03882	XX	SAS	ITU	true
HG03884	XX	SAS	STU	true
HG03885	XY	SAS	STU	true
HG03886	XX	SAS	STU	true
HG03887	XY	SAS	STU	true
HG03888	XX	SAS	STU	true
HG03890	XY	SAS	STU	true
HG03894	XX	SAS	STU	true
HG03895	XX	SAS	STU	true
HG03896	XY	SAS	STU	true
HG03897	XX	SAS	STU	true
HG03898	XX	SAS	STU	true
HG03899	XY	SAS	STU	true
HG03900	XY	SAS	STU	true
HG03902	XY	SAS	BEB	true
HG03904	XX	SAS	BEB	false
HG03905	XY	SAS	BEB	true
HG03906	XY	SAS	BEB	false
HG03907	XX	SAS	BEB	true
HG03908	XY	SAS	BEB	true
HG03909	XY	SAS	BEB	false
HG03910	XX	SAS	BEB	true
HG03911	XY	SAS	BEB	true
HG03913	XX	SAS	BEB	true
HG03914	XY	SAS	BEB	true
HG03915	XX	SAS	BEB	false
HG03916	XX	SAS	BEB	true
HG03917	XY	SAS	BEB	true
HG03919	XX	SAS	BEB	true
HG03920	XY	SAS	BEB	true
HG03922	XX	SAS	BEB	true
HG03925	XX	SAS	BEB	true
HG03926	XY	SAS	BEB	true
HG03927	XX	SAS	BEB	false
HG03928	XX	SAS	BEB	true
HG03929	XY	SAS	BEB	false
HG03930	XX	SAS	BEB	false
HG03931	XX	SAS	BEB	true
HG03934	XX	SAS	BEB	true
HG03937	XX	SAS	BEB	true
HG03940	XX	SAS	BEB	true
HG03941	XY	SAS	BEB	true
HG03942	XY	SAS	BEB	false
HG03943	XY	SAS	STU	true
HG03944	XX	SAS	STU	true
HG03945	XX	SAS	STU	true
HG03947	XX	SAS	STU	true
HG03949	XX	SAS	STU	true
HG03950	XY	SAS	STU	true
HG03951	XX	SAS	STU	true
HG03953	XY	SAS	STU	true
HG03955	XX	SAS	STU	true
HG03960	XY	SAS	ITU	true
HG03963	XY	SAS	ITU	true
HG03965	XY	SAS	ITU	true
HG03967	XY	SAS	ITU	true
HG03968	XX	SAS	ITU	true
HG03969	XY	SAS	ITU	true
HG03971	XY	SAS	ITU	true
HG03973	XX	SAS	ITU	true
HG03974	XY	SAS	ITU	true
HG03976	XY	SAS	ITU	true
HG03977	XX	SAS	ITU	true
HG03978	XY	SAS	ITU	true
HG03985	XY	SAS	STU	true
HG03986	XX	SAS	STU	true
HG03989	XX	SAS	STU	true
HG03990	XY	SAS	STU	true
HG03991	XY	SAS	STU	true
HG03992	XY	SAS	STU	false
HG03995	XX	SAS	STU	true
HG03998	XY	SAS	STU	true
HG03999	XY	SAS	STU	true
HG04001	XX	SAS	ITU	true
HG04002	XY	SAS	ITU	true
HG04003	XY	SAS	STU	true
HG04006	XY	SAS	STU	true
HG04014	XX	SAS	ITU	true
HG04015	XY	SAS	ITU	true
HG04017	XY	SAS	ITU	true
HG04018	XX	SAS	ITU	true
HG04019	XY	SAS	ITU	true
HG04020	XY	SAS	ITU	true
HG04022	XY	SAS	ITU	true
HG04023	XY	SAS	ITU	true
HG04025	XX	SAS	ITU	true
HG04026	XX	SAS	ITU	true
HG04029	XX	SAS	STU	true
HG04033	XY	SAS	STU	true
HG04035	XX	SAS	STU	true
HG04036	XX	SAS	STU	false
HG04038	XX	SAS	STU	true
HG04039	XY	SAS	STU	true
HG04042	XX	SAS	STU	true
HG04047	XX	SAS	STU	true
HG04054	XX	SAS	ITU	true
HG04056	XY	SAS	ITU	true
HG04059	XX	SAS	ITU	true
HG04060	XY	SAS	ITU	true
HG04061	XY	SAS	ITU	true
HG04062	XX	SAS	ITU	true
HG04063	XX	SAS	ITU	true
HG04070	XX	SAS	ITU	true
HG04075	XX	SAS	STU	true
HG04076	XX	SAS	ITU	true
HG04080	XY	SAS	ITU	true
HG04090	XX	SAS	ITU	true
HG04093	XY	SAS	ITU	true
HG04094	XY	SAS	ITU	true
HG04096	XY	SAS	ITU	true
HG04098	XY	SAS	ITU	true
HG04099	XX	SAS	STU	true
HG04100	XY	SAS	STU	true
HG04106	XX	SAS	STU	true
HG04107	XY	SAS	STU	true
HG04115	XY	SAS	STU	false
HG04118	XX	SAS	ITU	true
HG04122	XY	SAS	STU	false
HG04127	XY	SAS	STU	false
HG04131	XY	SAS	BEB	true
HG04132	XX	SAS	BEB	false
HG04133	XX	SAS	BEB	false
HG04134	XY	SAS	BEB	true
HG04135	XX	SAS	BEB	false
HG04136	XX	SAS	BEB	false
HG04140	XY	SAS	BEB	true
HG04141	XX	SAS	BEB	true
HG04142	XX	SAS	BEB	false
HG04144	XX	SAS	BEB	true
HG04146	XY	SAS	BEB	true
HG04147	XX	SAS	BEB	false
HG04148	XX	SAS	BEB	false
HG04149	XY	SAS	BEB	false
HG04150	XX	SAS	BEB	false
HG04151	XX	SAS	BEB	false
HG04152	XY	SAS	BEB	true
HG04153	XX	SAS	BEB	true
HG04155	XY	SAS	BEB	true
HG04156	XX	SAS	BEB	true
HG04157	XY	SAS	BEB	false
HG04158	XY	SAS	BEB	true
HG04159	XX	SAS	BEB	true
HG04160	XY	SAS	BEB	false
HG04161	XY	SAS	BEB	true
HG04162	XX	SAS	BEB	true
HG04164	XY	SAS	BEB	true
HG04171	XX	SAS	BEB	true
HG04173	XY	SAS	BEB	true
HG04174	XX	SAS	BEB	false
HG04175	XX	SAS	BEB	false
HG04176	XY	SAS	BEB	true
HG04177	XX	SAS	BEB	true
HG04180	XX	SAS	BEB	true
HG04182	XY	SAS	BEB	true
HG04183	XX	SAS	BEB	true
HG04184	XX	SAS	BEB	false
HG04185	XY	SAS	BEB	true
HG04186	XX	SAS	BEB	true
HG04187	XY	SAS	BEB	false
HG04188	XY	SAS	BEB	true
HG04189	XX	SAS	BEB	true
HG04191	XY	SAS	BEB	false
HG04192	XX	SAS	BEB	false
HG04193	XY	SAS	BEB	false
HG04194	XY	SAS	BEB	true
HG04195	XX	SAS	BEB	true
HG04198	XY	SAS	ITU	true
HG04199	XY	SAS	STU	false
HG04200	XX	SAS	ITU	true
HG04202	XX	SAS	ITU	true
HG04204	XY	SAS	STU	false
HG04206	XY	SAS	ITU	true
HG04209	XX	SAS	ITU	true
HG04210	XY	SAS	STU	true
HG04211	XY	SAS	ITU	true
HG04212	XX	SAS	ITU	true
HG04214	XX	SAS	ITU	true
HG04215	XY	SAS	STU	false
HG04216	XX	SAS	ITU	true
HG04217	XX	SAS	ITU	false
HG04219	XY	SAS	ITU	true
HG04222	XY	SAS	ITU	true
HG04225	XY	SAS	ITU	true
HG04227	XX	SAS	STU	true
HG04228	XY	SAS	STU	false
HG04229	XY	SAS	STU	true
HG04235	XY	SAS	ITU	true
HG04238	XY	SAS	ITU	true
HG04239	XY	SAS	ITU	true
NA06984	XY	EUR	CEU	true
NA06985	XX	EUR	CEU	true
NA06986	XY	EUR	CEU	true
NA06989	XX	EUR	CEU	true
NA06991	XX	EUR	CEU	false
NA06993	XY	EUR	CEU	false
NA06994	XY	EUR	CEU	true
NA06995	XY	EUR	CEU	false
NA06997	XX	EUR	CEU	false
NA07000	XX	EUR	CEU	true
NA07014	XX	EUR	CEU	false
NA07019	XX	EUR	CEU	false
NA07022	XY	EUR	CEU	false
NA07029	XY	EUR	CEU	false
NA07031	XX	EUR	CEU	false
NA07034	XY	EUR	CEU	false
NA07037	XX	EUR	CEU	true
NA07045	XX	EUR	CEU	false
NA07048	XY	EUR	CEU	true
NA07051	XY	EUR	CEU	true
NA07055	XX	EUR	CEU	false
NA07056	XX	EUR	CEU	true
NA07345	XX	EUR	CEU	false
NA07346	XX	EUR	CEU	false
NA07347	XY	EUR	CEU	true
NA07348	XX	EUR	CEU	false
NA07349	XY	EUR	CEU	false
NA07357	XY	EUR	CEU	true
NA07435	XY	EUR	CEU	false
NA10830	XY	EUR	CEU	false
NA10831	XX	EUR	CEU	false
NA10835	XY	EUR	CEU	false
NA10836	XX	EUR	CEU	false
NA10837	XY	EUR	CEU	false
NA10838	XY	EUR	CEU	false
NA10839	XX	EUR	CEU	false
NA10840	XX	EUR	CEU	false
NA10842	XY	EUR	CEU	false
NA10843	XX	EUR	CEU	false
NA10845	XY	EUR	CEU	false
NA10846	XY	EUR	CEU	false
NA10847	XX	EUR	CEU	true
NA10851	XY	EUR	CEU	true
NA10852	XX	EUR	CEU	false
NA10854	XX	EUR	CEU	false
NA10855	XX	EUR	CEU	false
NA10856	XY	EUR	CEU	false
NA10857	XY	EUR	CEU	false
NA10859	XX	EUR	CEU	false
NA10860	XY	EUR	CEU	false
NA10861	XX	EUR	CEU	false
NA10863	XX	EUR	CEU	false
NA10864	XX	EUR	CEU	false
NA10865	XY	EUR	CEU	false
NA11829	XY	EUR	CEU	true
NA11830	XX	EUR	CEU	true
NA11831	XY	EUR	CEU	true
NA11832	XX	EUR	CEU	true
NA11839	XY	EUR	CEU	false
NA11840	XX	EUR	CEU	true
NA11843	XY	EUR	CEU	true
NA11881	XY	EUR	CEU	true
NA11882	XX	EUR	CEU	false
NA11891	XY	EUR	CEU	false
NA11892	XX	EUR	CEU	true
NA11893	XY	EUR	CEU	true
NA11894	XX	EUR	CEU	true
NA11917	XY	EUR	CEU	false
NA11918	XX	EUR	CEU	true
NA11919	XY	EUR	CEU	true
NA11920	XX	EUR	CEU	true
NA11930	XY	EUR	CEU	true
NA11931	XX	EUR	CEU	true
NA11932	XY	EUR	CEU	true
NA11933	XX	EUR	CEU	true
NA11992	XY	EUR	CEU	true
NA11993	XX	EUR	CEU	false
NA11994	XY	EUR	CEU	true
NA11995	XX	EUR	CEU	true
NA12003	XY	EUR	CEU	true
NA12004	XX	EUR	CEU	true
NA12005	XY	EUR	CEU	true
NA12006	XX	EUR	CEU	true
NA12043	XY	EUR	CEU	true
NA12044	XX	EUR	CEU	true
NA12045	XY	EUR	CEU	true
NA12046	XX	EUR	CEU	true
NA12056	XY	EUR	CEU	false
NA12057	XX	EUR	CEU	false
NA12058	XX	EUR	CEU	true
NA12144	XY	EUR	CEU	true
NA12145	XX	EUR	CEU	false
NA12146	XY	EUR	CEU	false
NA12154	XY	EUR	CEU	true
NA12155	XY	EUR	CEU	true
NA12156	XX	EUR	CEU	true
NA12234	XX	EUR	CEU	true
NA12236	XX	EUR	CEU	false
NA12239	XX	EUR	CEU	false
NA12248	XY	EUR	CEU	false
NA12249	XX	EUR	CEU	true
NA12264	XY	EUR	CEU	false
NA12272	XY	EUR	CEU	true
NA12273	XX	EUR	CEU	true
NA12274	XY	EUR	CEU	false
NA12275	XX	EUR	CEU	true
NA12282	XY	EUR	CEU	true
NA12283	XX	EUR	CEU	true
NA12286	XY	EUR	CEU	true
NA12287	XX	EUR	CEU	true
NA12329	XX	EUR	CEU	false
NA12335	XY	EUR	CEU	false
NA12336	XX	EUR	CEU	false
NA12340	XY	EUR	CEU	true
NA12341	XX	EUR	CEU	true
NA12342	XY	EUR	CEU	true
NA12343	XX	EUR	CEU	false
NA12344	XY	EUR	CEU	false
NA12347	XY	EUR	CEU	true
NA12348	XX	EUR	CEU	true
NA12376	XX	EUR	CEU	false
NA12383	XX	EUR	CEU	true
NA12386	XX	EUR	CEU	false
NA12399	XY	EUR	CEU	true
NA12400	XX	EUR	CEU	true
NA12413	XY	EUR	CEU	true
NA12414	XX	EUR	CEU	true
NA12485	XY	EUR	CEU	false
NA12489	XX	EUR	CEU	true
NA12546	XY	EUR	CEU	true
NA12707	XY	EUR	CEU	false
NA12716	XY	EUR	CEU	true
NA12717	XX	EUR	CEU	true
NA12718	XX	EUR	CEU	true
NA12739	XY	EUR	CEU	false
NA12740	XX	EUR	CEU	false
NA12748	XY	EUR	CEU	true
NA12749	XX	EUR	CEU	true
NA12750	XY	EUR	CEU	true
NA12751	XX	EUR	CEU	true
NA12752	XY	EUR	CEU	false
NA12753	XX	EUR	CEU	false
NA12760	XY	EUR	CEU	true
NA12761	XX	EUR	CEU	true
NA12762	XY	EUR	CEU	true
NA12763	XX	EUR	CEU	true
NA12766	XY	EUR	CEU	false
NA12767	XX	EUR	CEU	false
NA12775	XY	EUR	CEU	true
NA12776	XX	EUR	CEU	true
NA12777	XY	EUR	CEU	true
NA12778	XX	EUR	CEU	true
NA12801	XY	EUR	CEU	false
NA12802	XX	EUR	CEU	false
NA12812	XY	EUR	CEU	true
NA12813	XX	EUR	CEU	true
NA12814	XY	EUR	CEU	true
NA12815	XX	EUR	CEU	true
NA12817	XY	EUR	CEU	false
NA12818	XX	EUR	CEU	false
NA12827	XY	EUR	CEU	true
NA12828	XX	EUR	CEU	true
NA12829	XY	EUR	CEU	true
NA12830	XX	EUR	CEU	true
NA12832	XX	EUR	CEU	false
NA12842	XY	EUR	CEU	true
NA12843	XX	EUR	CEU	true
NA12864	XY	EUR	CEU	false
NA12865	XX	EUR	CEU	false
NA12872	XY	EUR	CEU	true
NA12873	XX	EUR	CEU	true
NA12874	XY	EUR	CEU	true
NA12875	XX	EUR	CEU	false
NA12877	XY	EUR	CEU	false
NA12878	XX	EUR	CEU	true
NA12889	XY	EUR	CEU	true
NA12890	XX	EUR	CEU	true
NA12891	XY	EUR	CEU	false
NA12892	XX	EUR	CEU	false
NA18484	XX	AFR	YRI	false
NA18485	XY	AFR	YRI	false
NA18486	XY	AFR	YRI	true
NA18487	XY	AFR	YRI	false
NA18488	XX	AFR	YRI	true
NA18489	XX	AFR	YRI	true
NA18497	XY	AFR	YRI	false
NA18498	XY	AFR	YRI	true
NA18499	XX	AFR	YRI	true
NA18500	XY	AFR	YRI	false
NA18501	XY	AFR	YRI	true
NA18502	XX	AFR	YRI	true
NA18503	XY	AFR	YRI	false
NA18504	XY	AFR	YRI	true
NA18505	XX	AFR	YRI	true
NA18506	XY	AFR	YRI	false
NA18507	XY	AFR	YRI	true
NA18508	XX	AFR	YRI	true
NA18510	XY	AFR	YRI	true
NA18511	XX	AFR	YRI	true
NA18515	XY	AFR	YRI	false
NA18516	XY	AFR	YRI	true
NA18517	XX	AFR	YRI	true
NA18518	XX	AFR	YRI	false
NA18519	XY	AFR	YRI	true
NA18520	XX	AFR	YRI	true
NA18521	XY	AFR	YRI	false
NA18522	XY	AFR	YRI	true
NA18523	XX	AFR	YRI	true
NA18525	XX	EAS	CHB	true
NA18526	XX	EAS	CHB	true
NA18528	XX	EAS	CHB	true
NA18530	XY	EAS	CHB	true
NA18531	XX	EAS	CHB	true
NA18532	XX	EAS	CHB	true
NA18533	XX	EAS	CHB	true
NA18534	XY	EAS	CHB	true
NA18535	XX	EAS	CHB	true
NA18536	XY	EAS	CHB	true
NA18537	XX	EAS	CHB	true
NA18538	XX	EAS	CHB	true
NA18539	XX	EAS	CHB	true
NA18541	XX	EAS	CHB	true
NA18542	XX	EAS	CHB	true
NA18543	XY	EAS	CHB	true
NA18544	XY	EAS	CHB	true
NA18545	XX	EAS	CHB	true
NA18546	XY	EAS	CHB	true
NA18547	XX	EAS	CHB	true
NA18548	XY	EAS	CHB	true
NA18549	XY	EAS	CHB	true
NA18550	XX	EAS	CHB	true
NA18552	XX	EAS	CHB	true
NA18553	XX	EAS	CHB	true
NA18555	XX	EAS	CHB	true
NA18557	XY	EAS	CHB	true
NA18558	XY	EAS	CHB	true
NA18559	XY	EAS	CHB	true
NA18560	XX	EAS	CHB	true
NA18561	XY	EAS	CHB	true
NA18562	XY	EAS	CHB	true
NA18563	XY	EAS	CHB	true
NA18564	XX	EAS	CHB	true
NA18565	XX	EAS	CHB	true
NA18566	XX	EAS	CHB	true
NA18567	XX	EAS	CHB	true
NA18570	XX	EAS	CHB	true
NA18571	XX	EAS	CHB	true
NA18572	XY	EAS	CHB	true
NA18573	XX	EAS	CHB	true
NA18574	XX	EAS	CHB	true
NA18577	XX	EAS	CHB	true
NA18579	XX	EAS	CHB	true
NA18582	XX	EAS	CHB	true
NA18591	XX	EAS	CHB	true
NA18592	XX	EAS	CHB	true
NA18593	XX	EAS	CHB	true
NA18595	XX	EAS	CHB	true
NA18596	XX	EAS	CHB	true
NA18597	XX	EAS	CHB	true
NA18599	XX	EAS	CHB	true
NA18602	XX	EAS	CHB	true
NA18603	XY	EAS	CHB	true
NA18605	XY	EAS	CHB	true
NA18606	XY	EAS	CHB	true
NA18608	XY	EAS	CHB	true
NA18609	XY	EAS	CHB	true
NA18610	XX	EAS	CHB	true
NA18611	XY	EAS	CHB	true
NA18612	XY	EAS	CHB	true
NA18613	XY	EAS	CHB	true
NA18614	XX	EAS	CHB	true
NA18615	XX	EAS	CHB	true
NA18616	XX	EAS	CHB	true
NA18617	XX	EAS	CHB	true
NA18618	XX	EAS	CHB	true
NA18619	XX	EAS	CHB	true
NA18620	XY	EAS	CHB	true
NA18621	XY	EAS	CHB	true
NA18622	XY	EAS	CHB	true
NA18623	XY	EAS	CHB	true
NA18624	XY	EAS	CHB	true
NA18625	XX	EAS	CHB	true
NA18626	XX	EAS	CHB	true
NA18627	XX	EAS	CHB	true
NA18628	XX	EAS	CHB	true
NA18629	XY	EAS	CHB	true
NA18630	XX	EAS	CHB	true
NA18631	XX	EAS	CHB	true
NA18632	XY	EAS	CHB	true
NA18633	XY	EAS	CHB	true
NA18634	XX	EAS	CHB	true
NA18635	XY	EAS	CHB	true
NA18636	XY	EAS	CHB	true
NA18637	XY	EAS	CHB	true
NA18638	XY	EAS	CHB	true
NA18639	XY	EAS	CHB	true
NA18640	XX	EAS	CHB	true
NA18641	XX	EAS	CHB	true
NA18642	XX	EAS	CHB	true
NA18643	XY	EAS	CHB	true
NA18644	XX	EAS	CHB	true
NA18645	XY	EAS	CHB	true
NA18646	XX	EAS	CHB	true
NA18647	XY	EAS	CHB	true
NA18648	XY	EAS	CHB	true
NA18740	XY	EAS	CHB	true
NA18745	XY	EAS	CHB	true
NA18747	XY	EAS	CHB	true
NA18748	XY	EAS	CHB	true
NA18749	XY	EAS	CHB	true
NA18757	XY	EAS	CHB	true
NA18852	XX	AFR	YRI	false
NA18853	XY	AFR	YRI	true
NA18854	XY	AFR	YRI	false
NA18855	XX	AFR	YRI	false
NA18856	XY	AFR	YRI	true
NA18857	XY	AFR	YRI	false
NA18858	XX	AFR	YRI	true
NA18859	XY	AFR	YRI	false
NA18860	XY	AFR	YRI	false
NA18861	XX	AFR	YRI	true
NA18862	XY	AFR	YRI	false
NA18863	XY	AFR	YRI	false
NA18864	XX	AFR	YRI	true
NA18865	XY	AFR	YRI	true
NA18867	XX	AFR	YRI	true
NA18868	XY	AFR	YRI	true
NA18869	XY	AFR	YRI	false
NA18870	XX	AFR	YRI	true
NA18871	XY	AFR	YRI	true
NA18872	XY	AFR	YRI	false
NA18873	XX	AFR	YRI	true
NA18874	XY	AFR	YRI	true
NA18875	XX	AFR	YRI	false
NA18876	XX	AFR	YRI	true
NA18877	XY	AFR	YRI	true
NA18878	XX	AFR	YRI	true
NA18879	XY	AFR	YRI	true
NA18881	XX	AFR	YRI	true
NA18906	XX	AFR	YRI	false
NA18907	XX	AFR	YRI	true
NA18908	XY	AFR	YRI	true
NA18909	XX	AFR	YRI	true
NA18910	XY	AFR	YRI	true
NA18911	XY	AFR	YRI	false
NA18912	XX	AFR	YRI	true
NA18913	XY	AFR	YRI	false
NA18914	XY	AFR	YRI	false
NA18915	XY	AFR	YRI	true
NA18916	XX	AFR	YRI	true
NA18917	XY	AFR	YRI	true
NA18923	XY	AFR	YRI	true
NA18924	XX	AFR	YRI	true
NA18925	XY	AFR	YRI	false
NA18930	XX	AFR	YRI	false
NA18933	XX	AFR	YRI	true
NA18934	XY	AFR	YRI	true
NA18935	XY	AFR	YRI	false
NA18939	XX	EAS	JPT	true
NA18940	XY	EAS	JPT	true
NA18941	XX	EAS	JPT	true
NA18942	XX	EAS	JPT	true
NA18943	XY	EAS	JPT	true
NA18944	XY	EAS	JPT	true
NA18945	XY	EAS	JPT	true
NA18946	XX	EAS	JPT	true
NA18947	XX	EAS	JPT	true
NA18948	XY	EAS	JPT	true
NA18949	XX	EAS	JPT	true
NA18950	XX	EAS	JPT	true
NA18951	XX	EAS	JPT	true
NA18952	XY	EAS	JPT	true
NA18953	XY	EAS	JPT	true
NA18954	XX	EAS	JPT	true
NA18956	XX	EAS	JPT	true
NA18957	XX	EAS	JPT	true
NA18959	XY	EAS	JPT	true
NA18960	XY	EAS	JPT	true
NA18961	XY	EAS	JPT	true
NA18962	XY	EAS	JPT	true
NA18963	XX	EAS	JPT	true
NA18964	XX	EAS	JPT	true
NA18965	XY	EAS	JPT	true
NA18966	XY	EAS	JPT	true
NA18967	XY	EAS	JPT	true
NA18968	XX	EAS	JPT	true
NA18969	XX	EAS	JPT	true
NA18970	XY	EAS	JPT	true
NA18971	XY	EAS	JPT	true
NA18972	XX	EAS	JPT	true
NA18973	XX	EAS	JPT	true
NA18974	XY	EAS	JPT	true
NA18975	XX	EAS	JPT	true
NA18976	XX	EAS	JPT	true
NA18977	XY	EAS	JPT	true
NA18978	XX	EAS	JPT	true
NA18979	XX	EAS	JPT	true
NA18980	XX	EAS	JPT	true
NA18981	XX	EAS	JPT	true
NA18982	XY	EAS	JPT	true
NA18983	XY	EAS	JPT	true
NA18984	XY	EAS	JPT	true
NA18985	XY	EAS	JPT	true
NA18986	XY	EAS	JPT	true
NA18987	XX	EAS	JPT	true
NA18988	XY	EAS	JPT	true
NA18989	XY	EAS	JPT	true
NA18990	XY	EAS	JPT	true
NA18991	XX	EAS	JPT	true
NA18992	XX	EAS	JPT	true
NA18993	XX	EAS	JPT	true
NA18994	XY	EAS	JPT	true
NA18995	XY	EAS	JPT	true
NA18997	XX	EAS	JPT	true
NA18998	XX	EAS	JPT	true
NA18999	XX	EAS	JPT	true
NA19000	XY	EAS	JPT	true
NA19001	XX	EAS	JPT	true
NA19002	XX	EAS	JPT	true
NA19003	XX	EAS	JPT	true
NA19004	XY	EAS	JPT	true
NA19005	XY	EAS	JPT	true
NA19006	XY	EAS	JPT	true
NA19007	XY	EAS	JPT	true
NA19009	XY	EAS	JPT	true
NA19010	XX	EAS	JPT	true
NA19011	XX	EAS	JPT	true
NA19012	XY	EAS	JPT	true
NA19017	XX	AFR	LWK	true
NA19019	XX	AFR	LWK	true
NA19020	XY	AFR	LWK	true
NA19023	XX	AFR	LWK	true
NA19024	XX	AFR	LWK	true
NA19025	XY	AFR	LWK	true
NA19026	XY	AFR	LWK	true
NA19027	XY	AFR	LWK	true
NA19028	XY	AFR	LWK	true
NA19030	XX	AFR	LWK	true
NA19031	XY	AFR	LWK	true
NA19035	XY	AFR	LWK	true
NA19036	XX	AFR	LWK	true
NA19037	XX	AFR	LWK	true
NA19038	XX	AFR	LWK	true
NA19041	XY	AFR	LWK	true
NA19042	XX	AFR	LWK	true
NA19043	XY	AFR	LWK	true
NA19054	XX	EAS	JPT	true
NA19055	XY	EAS	JPT	true
NA19056	XY	EAS	JPT	true
NA19057	XX	EAS	JPT	true
NA19058	XY	EAS	JPT	true
NA19059	XX	EAS	JPT	true
NA19060	XY	EAS	JPT	true
NA19062	XY	EAS	JPT	true
NA19063	XY	EAS	JPT	true
NA19064	XX	EAS	JPT	true
NA19065	XX	EAS	JPT	true
NA19066	XY	EAS	JPT	true
NA19067	XY	EAS	JPT	true
NA19068	XY	EAS	JPT	true
NA19070	XY	EAS	JPT	true
NA19072	XY	EAS	JPT	true
NA19074	XX	EAS	JPT	true
NA19075	XY	EAS	JPT	true
NA19076	XY	EAS	JPT	true
NA19077	XX	EAS	JPT	true
NA19078	XX	EAS	JPT	true
NA19079	XY	EAS	JPT	true
NA19080	XX	EAS	JPT	true
NA19081	XX	EAS	JPT	true
NA19082	XY	EAS	JPT	true
NA19083	XY	EAS	JPT	true
NA19084	XX	EAS	JPT	true
NA19085	XY	EAS	JPT	true
NA19086	XY	EAS	JPT	true
NA19087	XX	EAS	JPT	true
NA19088	XY	EAS	JPT	true
NA19089	XY	EAS	JPT	true
NA19090	XX	EAS	JPT	true
NA19091	XY	EAS	JPT	true
NA19092	XY	AFR	YRI	true
NA19093	XX	AFR	YRI	true
NA19094	XX	AFR	YRI	false
NA19095	XX	AFR	YRI	true
NA19096	XY	AFR	YRI	true
NA19097	XX	AFR	YRI	false
NA19098	XY	AFR	YRI	true
NA19099	XX	AFR	YRI	true
NA19100	XX	AFR	YRI	false
NA19101	XY	AFR	YRI	false
NA19102	XX	AFR	YRI	true
NA19103	XY	AFR	YRI	false
NA19107	XY	AFR	YRI	true
NA19108	XX	AFR	YRI	true
NA19109	XX	AFR	YRI	false
NA19113	XY	AFR	YRI	true
NA19114	XX	AFR	YRI	true
NA19115	XX	AFR	YRI	false
NA19116	XX	AFR	YRI	true
NA19117	XY	AFR	YRI	true
NA19118	XX	AFR	YRI	true
NA19119	XY	AFR	YRI	true
NA19120	XY	AFR	YRI	false
NA19121	XY	AFR	YRI	true
NA19122	XX	AFR	YRI	false
NA19123	XY	AFR	YRI	false
NA19127	XX	AFR	YRI	false
NA19128	XY	AFR	YRI	false
NA19129	XX	AFR	YRI	true
NA19130	XY	AFR	YRI	true
NA19131	XX	AFR	YRI	true
NA19132	XX	AFR	YRI	false
NA19137	XX	AFR	YRI	true
NA19138	XY	AFR	YRI	true
NA19139	XY	AFR	YRI	false
NA19140	XX	AFR	YRI	false
NA19141	XY	AFR	YRI	true
NA19142	XY	AFR	YRI	false
NA19143	XX	AFR	YRI	true
NA19144	XY	AFR	YRI	true
NA19145	XY	AFR	YRI	false
NA19146	XY	AFR	YRI	true
NA19147	XX	AFR	YRI	true
NA19148	XX	AFR	YRI	false
NA19149	XX	AFR	YRI	true
NA19150	XY	AFR	YRI	false
NA19151	XX	AFR	YRI	false
NA19152	XX	AFR	YRI	true
NA19153	XY	AFR	YRI	true
NA19154	XY	AFR	YRI	false
NA19159	XX	AFR	YRI	true
NA19160	XY	AFR	YRI	true
NA19161	XY	AFR	YRI	false
NA19171	XY	AFR	YRI	true
NA19172	XX	AFR	YRI	true
NA19173	XY	AFR	YRI	false
NA19174	XY	AFR	YRI	false
NA19175	XY	AFR	YRI	true
NA19176	XX	AFR	YRI	false
NA19177	XY	AFR	YRI	false
NA19184	XY	AFR	YRI	true
NA19185	XX	AFR	YRI	true
NA19186	XY	AFR	YRI	false
NA19189	XY	AFR	YRI	true
NA19190	XX	AFR	YRI	true
NA19191	XY	AFR	YRI	false
NA19197	XX	AFR	YRI	true
NA19198	XY	AFR	YRI	true
NA19199	XX	AFR	YRI	false
NA19200	XY	AFR	YRI	true
NA19201	XX	AFR	YRI	true
NA19202	XX	AFR	YRI	false
NA19203	XY	AFR	YRI	false
NA19204	XX	AFR	YRI	true
NA19205	XY	AFR	YRI	false
NA19206	XX	AFR	YRI	true
NA19207	XY	AFR	YRI	true
NA19208	XY	AFR	YRI	false
NA19209	XX	AFR	YRI	true
NA19210	XY	AFR	YRI	true
NA19211	XY	AFR	YRI	false
NA19213	XY	AFR	YRI	true
NA19214	XX	AFR	YRI	true
NA19215	XX	AFR	YRI	false
NA19221	XX	AFR	YRI	false
NA19222	XX	AFR	YRI	true
NA19223	XY	AFR	YRI	true
NA19224	XY	AFR	YRI	false
NA19225	XX	AFR	YRI	true
NA19226	XY	AFR	YRI	false
NA19235	XX	AFR	YRI	true
NA19236	XY	AFR	YRI	true
NA19237	XX	AFR	YRI	false
NA19238	XX	AFR	YRI	true
NA19239	XY	AFR	YRI	true
NA19240	XX	AFR	YRI	false
NA19247	XX	AFR	YRI	true
NA19248	XY	AFR	YRI	true
NA19249	XY	AFR	YRI	false
NA19256	XY	AFR	YRI	true
NA19257	XX	AFR	YRI	true
NA19258	XY	AFR	YRI	false
NA19307	XY	AFR	LWK	true
NA19308	XY	AFR	LWK	true
NA19309	XY	AFR	LWK	true
NA19310	XX	AFR	LWK	true
NA19312	XY	AFR	LWK	true
NA19314	XX	AFR	LWK	true
NA19315	XX	AFR	LWK	true
NA19316	XX	AFR	LWK	true
NA19317	XY	AFR	LWK	true
NA19318	XY	AFR	LWK	true
NA19319	XY	AFR	LWK	true
NA19320	XX	AFR	LWK	true
NA19321	XX	AFR	LWK	true
NA19323	XX	AFR	LWK	true
NA19324	XX	AFR	LWK	true
NA19327	XX	AFR	LWK	true
NA19328	XX	AFR	LWK	true
NA19331	XY	AFR	LWK	true
NA19332	XX	AFR	LWK	true
NA19334	XY	AFR	LWK	true
NA19338	XX	AFR	LWK	true
NA19346	XY	AFR	LWK	true
NA19347	XY	AFR	LWK	true
NA19350	XY	AFR	LWK	true
NA19351	XX	AFR	LWK	true
NA19355	XX	AFR	LWK	true
NA19360	XY	AFR	LWK	true
NA19372	XY	AFR	LWK	true
NA19374	XY	AFR	LWK	true
NA19375	XY	AFR	LWK	true
NA19376	XY	AFR	LWK	true
NA19377	XX	AFR	LWK	true
NA19378	XX	AFR	LWK	true
NA19379	XX	AFR	LWK	true
NA19380	XY	AFR	LWK	true
NA19383	XY	AFR	LWK	true
NA19384	XY	AFR	LWK	true
NA19385	XY	AFR	LWK	true
NA19390	XX	AFR	LWK	true
NA19391	XX	AFR	LWK	true
NA19393	XY	AFR	LWK	true
NA19394	XY	AFR	LWK	true
NA19395	XX	AFR	LWK	true
NA19397	XY	AFR	LWK	true
NA19399	XX	AFR	LWK	true
NA19401	XX	AFR	LWK	true
NA19403	XX	AFR	LWK	true
NA19404	XX	AFR	LWK	true
NA19428	XY	AFR	LWK	true
NA19429	XY	AFR	LWK	true
NA19430	XY	AFR	LWK	true
NA19431	XX	AFR	LWK	true
NA19434	XX	AFR	LWK	true
NA19435	XX	AFR	LWK	true
NA19436	XX	AFR	LWK	true
NA19437	XX	AFR	LWK	true
NA19438	XX	AFR	LWK	true
NA19439	XX	AFR	LWK	true
NA19440	XX	AFR	LWK	true
NA19443	XY	AFR	LWK	true
NA19445	XX	AFR	LWK	true
NA19446	XX	AFR	LWK	true
NA19448	XY	AFR	LWK	true
NA19449	XX	AFR	LWK	true
NA19451	XY	AFR	LWK	true
NA19452	XY	AFR	LWK	true
NA19454	XY	AFR	LWK	true
NA19455	XY	AFR	LWK	true
NA19456	XX	AFR	LWK	true
NA19457	XX	AFR	LWK	true
NA19461	XY	AFR	LWK	true
NA19462	XX	AFR	LWK	true
NA19463	XX	AFR	LWK	true
NA19466	XY	AFR	LWK	true
NA19467	XX	AFR	LWK	true
NA19468	XX	AFR	LWK	true
NA19471	XX	AFR	LWK	true
NA19472	XX	AFR	LWK	true
NA19473	XX	AFR	LWK	true
NA19474	XX	AFR	LWK	true
NA19475	XX	AFR	LWK	true
NA19625	XX	AFR	ASW	true
NA19648	XX	AMR	MXL	true
NA19649	XY	AMR	MXL	true
NA19650	XY	AMR	MXL	false
NA19651	XX	AMR	MXL	true
NA19652	XY	AMR	MXL	true
NA19653	XX	AMR	MXL	false
NA19654	XX	AMR	MXL	true
NA19655	XY	AMR	MXL	true
NA19656	XX	AMR	MXL	false
NA19657	XX	AMR	MXL	true
NA19658	XY	AMR	MXL	true
NA19659	XX	AMR	MXL	false
NA19660	XX	AMR	MXL	false
NA19661	XY	AMR	MXL	true
NA19662	XX	AMR	MXL	false
NA19663	XX	AMR	MXL	true
NA19664	XY	AMR	MXL	true
NA19665	XX	AMR	MXL	false
NA19669	XX	AMR	MXL	true
NA19670	XY	AMR	MXL	true
NA19671	XX	AMR	MXL	false
NA19675	XX	AMR	MXL	false
NA19676	XY	AMR	MXL	true
NA19677	XX	AMR	MXL	false
NA19678	XX	AMR	MXL	true
NA19679	XY	AMR	MXL	true
NA19680	XX	AMR	MXL	false
NA19681	XX	AMR	MXL	true
NA19682	XY	AMR	MXL	true
NA19683	XX	AMR	MXL	false
NA19684	XX	AMR	MXL	true
NA19685	XY	AMR	MXL	false
NA19686	XX	AMR	MXL	false
NA19700	XY	AFR	ASW	true
NA19701	XX	AFR	ASW	true
NA19702	XY	AFR	ASW	false
NA19703	XY	AFR	ASW	true
NA19704	XX	AFR	ASW	true
NA19705	XY	AFR	ASW	false
NA19707	XX	AFR	ASW	true
NA19711	XY	AFR	ASW	true
NA19712	XX	AFR	ASW	true
NA19713	XX	AFR	ASW	true
NA19716	XX	AMR	MXL	true
NA19717	XY	AMR	MXL	true
NA19718	XX	AMR	MXL	false
NA19719	XX	AMR	MXL	true
NA19720	XY	AMR	MXL	true
NA19721	XX	AMR	MXL	false
NA19722	XX	AMR	MXL	true
NA19723	XY	AMR	MXL	true
NA19724	XY	AMR	MXL	false
NA19725	XX	AMR	MXL	true
NA19726	XY	AMR	MXL	true
NA19727	XY	AMR	MXL	false
NA19728	XX	AMR	MXL	true
NA19729	XY	AMR	MXL	true
NA19730	XX	AMR	MXL	false
NA19731	XX	AMR	MXL	true
NA19732	XY	AMR	MXL	true
NA19733	XX	AMR	MXL	false
NA19734	XX	AMR	MXL	true
NA19735	XY	AMR	MXL	true
NA19740	XX	AMR	MXL	true
NA19741	XY	AMR	MXL	true
NA19746	XX	AMR	MXL	true
NA19747	XY	AMR	MXL	true
NA19748	XX	AMR	MXL	false
NA19749	XX	AMR	MXL	true
NA19750	XY	AMR	MXL	true
NA19751	XY	AMR	MXL	false
NA19752	XX	AMR	MXL	true
NA19755	XX	AMR	MXL	true
NA19756	XY	AMR	MXL	true
NA19757	XY	AMR	MXL	false
NA19758	XX	AMR	MXL	true
NA19759	XY	AMR	MXL	true
NA19760	XX	AMR	MXL	false
NA19761	XX	AMR	MXL	true
NA19762	XY	AMR	MXL	true
NA19763	XX	AMR	MXL	false
NA19764	XX	AMR	MXL	true
NA19770	XX	AMR	MXL	true
NA19771	XY	AMR	MXL	true
NA19772	XY	AMR	MXL	false
NA19773	XX	AMR	MXL	true
NA19774	XY	AMR	MXL	true
NA19775	XX	AMR	MXL	false
NA19776	XX	AMR	MXL	true
NA19777	XY	AMR	MXL	true
NA19778	XY	AMR	MXL	false
NA19779	XX	AMR	MXL	true
NA19780	XY	AMR	MXL	true
NA19781	XX	AMR	MXL	false
NA19782	XX	AMR	MXL	true
NA19783	XY	AMR	MXL	true
NA19784	XY	AMR	MXL	false
NA19785	XX	AMR	MXL	true
NA19786	XY	AMR	MXL	true
NA19787	XY	AMR	MXL	false
NA19788	XX	AMR	MXL	true
NA19789	XY	AMR	MXL	true
NA19790	XX	AMR	MXL	false
NA19792	XY	AMR	MXL	true
NA19794	XX	AMR	MXL	true
NA19795	XY	AMR	MXL	true
NA19796	XY	AMR	MXL	false
NA19818	XY	AFR	ASW	true
NA19819	XX	AFR	ASW	true
NA19828	XY	AFR	ASW	false
NA19834	XY	AFR	ASW	true
NA19835	XX	AFR	ASW	true
NA19836	XX	AFR	ASW	false
NA19900	XY	AFR	ASW	true
NA19901	XX	AFR	ASW	true
NA19902	XX	AFR	ASW	false
NA19904	XY	AFR	ASW	true
NA19908	XY	AFR	ASW	true
NA19909	XX	AFR	ASW	true
NA19913	XX	AFR	ASW	true
NA19914	XX	AFR	ASW	true
NA19916	XY	AFR	ASW	true
NA19917	XX	AFR	ASW	true
NA19918	XY	AFR	ASW	false
NA19919	XY	AFR	ASW	false
NA19920	XY	AFR	ASW	true
NA19921	XX	AFR	ASW	true
NA19922	XY	AFR	ASW	true
NA19923	XX	AFR	ASW	true
NA19924	XX	AFR	ASW	false
NA19982	XY	AFR	ASW	true
NA19983	XX	AFR	ASW	false
NA19984	XY	AFR	ASW	true
NA20126	XY	AFR	ASW	true
NA20127	XX	AFR	ASW	true
NA20128	XX	AFR	ASW	false
NA20129	XX	AFR	ASW	false
NA20274	XX	AFR	ASW	true
NA20276	XX	AFR	ASW	true
NA20278	XY	AFR	ASW	true
NA20279	XY	AFR	ASW	false
NA20281	XY	AFR	ASW	true
NA20282	XX	AFR	ASW	true
NA20287	XX	AFR	ASW	true
NA20289	XX	AFR	ASW	true
NA20291	XY	AFR	ASW	true
NA20294	XX	AFR	ASW	true
NA20296	XX	AFR	ASW	true
NA20298	XY	AFR	ASW	true
NA20299	XX	AFR	ASW	true
NA20314	XX	AFR	ASW	true
NA20317	XX	AFR	ASW	true
NA20318	XY	AFR	ASW	true
NA20320	XX	AFR	ASW	true
NA20321	XX	AFR	ASW	true
NA20332	XX	AFR	ASW	true
NA20334	XX	AFR	ASW	true
NA20339	XX	AFR	ASW	true
NA20340	XY	AFR	ASW	true
NA20342	XY	AFR	ASW	true
NA20346	XY	AFR	ASW	true
NA20348	XY	AFR	ASW	true
NA20351	XY	AFR	ASW	true
NA20355	XX	AFR	ASW	true
NA20356	XY	AFR	ASW	true
NA20357	XX	AFR	ASW	true
NA20358	XY	AFR	ASW	false
NA20359	XX	AFR	ASW	true
NA20362	XY	AFR	ASW	true
NA20412	XX	AFR	ASW	true
NA20502	XX	EUR	TSI	true
NA20503	XX	EUR	TSI	true
NA20504	XX	EUR	TSI	true
NA20505	XX	EUR	TSI	true
NA20506	XX	EUR	TSI	true
NA20507	XX	EUR	TSI	true
NA20508	XX	EUR	TSI	true
NA20509	XY	EUR	TSI	true
NA20510	XY	EUR	TSI	true
NA20511	XY	EUR	TSI	true
NA20512	XY	EUR	TSI	true
NA20513	XY	EUR	TSI	true
NA20514	XX	EUR	TSI	true
NA20515	XY	EUR	TSI	true
NA20516	XY	EUR	TSI	true
NA20517	XX	EUR	TSI	true
NA20518	XY	EUR	TSI	true
NA20519	XY	EUR	TSI	true
NA20520	XY	EUR	TSI	true
NA20521	XY	EUR	TSI	true
NA20522	XX	EUR	TSI	true
NA20524	XY	EUR	TSI	true
NA20525	XY	EUR	TSI	true
NA20527	XY	EUR	TSI	true
NA20528	XY	EUR	TSI	true
NA20529	XX	EUR	TSI	true
NA20530	XX	EUR	TSI	true
NA20531	XX	EUR	TSI	true
NA20532	XY	EUR	TSI	true
NA20533	XX	EUR	TSI	true
NA20534	XY	EUR	TSI	true
NA20535	XX	EUR	TSI	true
NA20536	XY	EUR	TSI	true
NA20538	XY	EUR	TSI	true
NA20539	XY	EUR	TSI	true
NA20540	XX	EUR	TSI	true
NA20541	XX	EUR	TSI	true
NA20542	XX	EUR	TSI	true
NA20543	XY	EUR	TSI	true
NA20544	XY	EUR	TSI	true
NA20581	XY	EUR	TSI	true
NA20582	XX	EUR	TSI	true
NA20585	XX	EUR	TSI	true
NA20586	XY	EUR	TSI	true
NA20587	XX	EUR	TSI	true
NA20588	XY	EUR	TSI	true
NA20589	XX	EUR	TSI	true
NA20752	XY	EUR	TSI	true
NA20753	XX	EUR	TSI	true
NA20754	XY	EUR	TSI	true
NA20755	XY	EUR	TSI	true
NA20756	XX	EUR	TSI	true
NA20757	XX	EUR	TSI	true
NA20758	XY	EUR	TSI	true
NA20759	XY	EUR	TSI	true
NA20760	XX	EUR	TSI	true
NA20761	XX	EUR	TSI	true
NA20762	XY	EUR	TSI	true
NA20763	XY	EUR	TSI	true
NA20764	XX	EUR	TSI	true
NA20765	XY	EUR	TSI	true
NA20766	XX	EUR	TSI	true
NA20767	XY	EUR	TSI	true
NA20768	XX	EUR	TSI	true
NA20769	XX	EUR	TSI	true
NA20770	XY	EUR	TSI	true
NA20771	XX	EUR	TSI	true
NA20772	XX	EUR	TSI	true
NA20773	XX	EUR	TSI	true
NA20774	XX	EUR	TSI	true
NA20775	XX	EUR	TSI	true
NA20778	XY	EUR	TSI	true
NA20783	XY	EUR	TSI	true
NA20785	XY	EUR	TSI	true
NA20786	XX	EUR	TSI	true
NA20787	XY	EUR	TSI	true
NA20790	XX	EUR	TSI	true
NA20792	XY	EUR	TSI	true
NA20795	XX	EUR	TSI	true
NA20796	XY	EUR	TSI	true
NA20797	XX	EUR	TSI	true
NA20798	XY	EUR	TSI	true
NA20799	XX	EUR	TSI	true
NA20800	XX	EUR	TSI	true
NA20801	XY	EUR	TSI	true
NA20802	XX	EUR	TSI	true
NA20803	XY	EUR	TSI	true
NA20804	XX	EUR	TSI	true
NA20805	XY	EUR	TSI	true
NA20806	XY	EUR	TSI	true
NA20807	XX	EUR	TSI	true
NA20808	XX	EUR	TSI	true
NA20809	XY	EUR	TSI	true
NA20810	XY	EUR	TSI	true
NA20811	XY	EUR	TSI	true
NA20812	XY	EUR	TSI	true
NA20813	XX	EUR	TSI	true
NA20814	XY	EUR	TSI	true
NA20815	XY	EUR	TSI	true
NA20818	XX	EUR	TSI	true
NA20819	XX	EUR	TSI	true
NA20821	XX	EUR	TSI	true
NA20822	XX	EUR	TSI	true
NA20826	XX	EUR	TSI	true
NA20827	XY	EUR	TSI	true
NA20828	XX	EUR	TSI	true
NA20832	XX	EUR	TSI	true
NA20845	XY	SAS	GIH	true
NA20846	XY	SAS	GIH	true
NA20847	XX	SAS	GIH	true
NA20849	XX	SAS	GIH	true
NA20850	XY	SAS	GIH	true
NA20851	XX	SAS	GIH	true
NA20852	XY	SAS	GIH	true
NA20853	XX	SAS	GIH	true
NA20854	XX	SAS	GIH	true
NA20856	XX	SAS	GIH	true
NA20858	XY	SAS	GIH	true
NA20859	XX	SAS	GIH	true
NA20861	XY	SAS	GIH	true
NA20862	XX	SAS	GIH	true
NA20863	XY	SAS	GIH	true
NA20864	XY	SAS	GIH	true
NA20866	XY	SAS	GIH	true
NA20867	XY	SAS	GIH	true
NA20868	XX	SAS	GIH	true
NA20869	XX	SAS	GIH	true
NA20870	XY	SAS	GIH	true
NA20872	XX	SAS	GIH	true
NA20874	XX	SAS	GIH	true
NA20875	XX	SAS	GIH	true
NA20876	XX	SAS	GIH	true
NA20877	XX	SAS	GIH	true
NA20878	XX	SAS	GIH	true
NA20881	XX	SAS	GIH	true
NA20882	XX	SAS	GIH	true
NA20884	XY	SAS	GIH	true
NA20885	XY	SAS	GIH	true
NA20886	XX	SAS	GIH	true
NA20887	XY	SAS	GIH	true
NA20888	XX	SAS	GIH	true
NA20889	XY	SAS	GIH	true
NA20890	XY	SAS	GIH	true
NA20891	XY	SAS	GIH	true
NA20892	XX	SAS	GIH	true
NA20894	XX	SAS	GIH	true
NA20895	XY	SAS	GIH	true
NA20896	XX	SAS	GIH	true
NA20897	XY	SAS	GIH	true
NA20899	XX	SAS	GIH	true
NA20900	XX	SAS	GIH	true
NA20901	XY	SAS	GIH	true
NA20902	XX	SAS	GIH	true
NA20903	XY	SAS	GIH	true
NA20904	XY	SAS	GIH	true
NA20905	XY	SAS	GIH	true
NA20906	XX	SAS	GIH	true
NA20908	XX	SAS	GIH	true
NA20910	XX	SAS	GIH	true
NA20911	XY	SAS	GIH	true
NA21086	XX	SAS	GIH	true
NA21087	XY	SAS	GIH	true
NA21088	XX	SAS	GIH	true
NA21089	XX	SAS	GIH	true
NA21090	XY	SAS	GIH	true
NA21091	XY	SAS	GIH	true
NA21092	XY	SAS	GIH	true
NA21093	XY	SAS	GIH	true
NA21094	XY	SAS	GIH	true
NA21095	XY	SAS	GIH	true
NA21097	XX	SAS	GIH	true
NA21098	XY	SAS	GIH	true
NA21099	XY	SAS	GIH	true
NA21100	XY	SAS	GIH	true
NA21101	XX	SAS	GIH	true
NA21102	XX	SAS	GIH	true
NA21103	XX	SAS	GIH	true
NA21104	XY	SAS	GIH	true
NA21105	XY	SAS	GIH	true
NA21106	XX	SAS	GIH	true
NA21107	XY	SAS	GIH	true
NA21108	XX	SAS	GIH	true
NA21109	XY	SAS	GIH	true
NA21110	XX	SAS	GIH	true
NA21111	XY	SAS	GIH	true
NA21112	XY	SAS	GIH	true
NA21113	XY	SAS	GIH	true
NA21114	XY	SAS	GIH	true
NA21115	XY	SAS	GIH	true
NA21116	XY	SAS	GIH	true
NA21117	XY	SAS	GIH	true
NA21118	XY	SAS	GIH	true
NA21119	XY	SAS	GIH	true
NA21120	XX	SAS	GIH	true
NA21122	XX	SAS	GIH	true
NA21123	XY	SAS	GIH	true
NA21124	XY	SAS	GIH	true
NA21125	XX	SAS	GIH	true
NA21126	XY	SAS	GIH	true
NA21127	XY	SAS	GIH	true
NA21128	XY	SAS	GIH	true
NA21129	XY	SAS	GIH	true
NA21130	XY	SAS	GIH	true
NA21133	XY	SAS	GIH	true
NA21135	XY	SAS	GIH	true
NA21137	XX	SAS	GIH	true
NA21141	XX	SAS	GIH	true
NA21142	XX	SAS	GIH	true
NA21143	XX	SAS	GIH	true
NA21144	XX	SAS	GIH	true
